[
  {
    "id": 0,
    "title": "how to write a 'gruntfile'in 'typescript",
    "status": "0",
    "type": 3
  },
  {
    "id": 1,
    "title": "is there a syntax for preserving the state of a typescript property?",
    "status": "0",
    "type": 1
  },
  {
    "id": 2,
    "title": "how to type jolafrite> to the provider?",
    "status": "0",
    "type": 3
  },
  {
    "id": 3,
    "title": "how can i extend the global Window type to include an extra member",
    "status": "0",
    "type": 3
  },
  {
    "id": 4,
    "title": "is it possible to generate.d.ts from JSDoc",
    "status": "0",
    "type": 3
  },
  {
    "id": 5,
    "title": "@types/heatmap.js - can not import DefinitelyTyped",
    "status": "0",
    "type": 3
  },
  {
    "id": 6,
    "title": "how to write --lib es2015 in tsconfig.",
    "status": "0",
    "type": 3
  },
  {
    "id": 7,
    "title": "Ciantic> ArrayField - fully typed form input creation",
    "status": "0",
    "type": 3
  },
  {
    "id": 8,
    "title": "",
    "status": "1"
  },
  {
    "id": 9,
    "title": "can not share from ts playground because of \"Text buffer too large to bla",
    "status": "0",
    "type": 3
  },
  {
    "id": 10,
    "title": "there are three different aspects about type",
    "status": "0",
    "type": 1
  },
  {
    "id": 11,
    "title": "how to check if a type is any using conditional types?",
    "status": "0",
    "type": 3
  },
  {
    "id": 12,
    "title": "why is the T in your get different from the T in",
    "status": "0",
    "type": 3
  },
  {
    "id": 13,
    "title": "ignoring./tsconfig.json file when compiling json",
    "status": "0",
    "type": 3
  },
  {
    "id": 14,
    "title": "a typed lisp that looks like TS but is simpler to use",
    "status": "0",
    "type": 3
  },
  {
    "id": 15,
    "title": "unknown",
    "status": "0",
    "type": 1
  },
  {
    "id": 16,
    "title": "is there a way to add attributes to classes for type parameter inference?",
    "status": "0",
    "type": 3
  },
  {
    "id": 17,
    "title": "",
    "status": "1"
  },
  {
    "id": 18,
    "title": "title vs reactElement eyelidlessness",
    "status": "0",
    "type": 3
  },
  {
    "id": 19,
    "title": "",
    "status": "1"
  },
  {
    "id": 20,
    "title": "",
    "status": "1"
  },
  {
    "id": 21,
    "title": "how to assign a typescript function to a fat arrow implementation",
    "status": "0",
    "type": 3
  },
  {
    "id": 22,
    "title": "is there a cleaner way to write this using array spread?",
    "status": "0",
    "type": 3
  },
  {
    "id": 23,
    "title": "use import * as AWS from 'aws-sdk",
    "status": "0",
    "type": 3
  },
  {
    "id": 24,
    "title": "objecct oriented programming ( OOP ) primer",
    "status": "0",
    "type": 3
  },
  {
    "id": 25,
    "title": "what is the difference between CompilerHost and Comp",
    "status": "0",
    "type": 3
  },
  {
    "id": 26,
    "title": "add a declare module \"react-router-bootstrap",
    "status": "0",
    "type": 3
  },
  {
    "id": 27,
    "title": "a weird bug in TS SimonMeskens>",
    "status": "0",
    "type": 3
  },
  {
    "id": 28,
    "title": "can vs code expand snippets with Tab key or just with Suggest",
    "status": "0",
    "type": 3
  },
  {
    "id": 29,
    "title": "qm3ster> doesn't work with tuples anymore",
    "status": "0",
    "type": 3
  },
  {
    "id": 30,
    "title": "unable to import nested module from'snabbdom/modules",
    "status": "0",
    "type": 3
  },
  {
    "id": 31,
    "title": "what is the difference between an enum and a key value object in TS",
    "status": "0",
    "type": 3
  },
  {
    "id": 32,
    "title": "catch (err:MongoError ) doesn't work",
    "status": "0",
    "type": 3
  },
  {
    "id": 33,
    "title": "is there a way to specify key/value pair in smth general?",
    "status": "0",
    "type": 3
  },
  {
    "id": 34,
    "title": "jacobus-brogly> gives type error in tsc",
    "status": "0",
    "type": 3
  },
  {
    "id": 35,
    "title": "can't get'react.fragment;'to work",
    "status": "0",
    "type": 3
  },
  {
    "id": 36,
    "title": "why ts path mapping not be like i expected?",
    "status": "0",
    "type": 3
  },
  {
    "id": 37,
    "title": "can not redeclare block-scoped variable ochrons>",
    "status": "0",
    "type": 3
  },
  {
    "id": 38,
    "title": "typescript doesn't realize its a eyelidlessness>",
    "status": "0",
    "type": 3
  },
  {
    "id": 39,
    "title": "relative imports arent working with webpack 2 and ts 1.8.10",
    "status": "0",
    "type": 3
  },
  {
    "id": 40,
    "title": "alias _TabulationService spion> to hide type details",
    "status": "0",
    "type": 3
  },
  {
    "id": 41,
    "title": "how to automate the  build steps '' with typescript?",
    "status": "0",
    "type": 3
  },
  {
    "id": 42,
    "title": "how to specify the type of finalAcceptor property in tulidagapu class",
    "status": "0",
    "type": 3
  },
  {
    "id": 43,
    "title": "vscode terminal doesn't recognize bash commands in windows",
    "status": "0",
    "type": 3
  },
  {
    "id": 44,
    "title": "what is the difference between let and var in typescript?",
    "status": "0",
    "type": 3
  },
  {
    "id": 45,
    "title": "defining a typing for a package which doesnt come with its own typings",
    "status": "0",
    "type": 3
  },
  {
    "id": 46,
    "title": "isao> should be able to refer to the enum",
    "status": "0",
    "type": 3
  },
  {
    "id": 47,
    "title": "do we use ts with mobile apps as well?",
    "status": "0",
    "type": 3
  },
  {
    "id": 48,
    "title": "typing that a module exports after upgrading to 2.4.1 from 2.3.4",
    "status": "0",
    "type": 3
  },
  {
    "id": 49,
    "title": "@mithun-daa TypeScript does support parameter destructuring",
    "status": "0",
    "type": 3
  },
  {
    "id": 50,
    "title": "possible to import ES6 modules with noImplicitAny flag",
    "status": "0",
    "type": 3
  },
  {
    "id": 51,
    "title": "how do i create a singleton with methods and variables?",
    "status": "0",
    "type": 3
  },
  {
    "id": 52,
    "title": "import  relay  from 'graphql-sequel",
    "status": "0",
    "type": 3
  },
  {
    "id": 53,
    "title": "how to convert js to ts?",
    "status": "0",
    "type": 3
  },
  {
    "id": 54,
    "title": "",
    "status": "1"
  },
  {
    "id": 55,
    "title": "typescript declare module isPlainObject (value?:any):boolean",
    "status": "0",
    "type": 3
  },
  {
    "id": 56,
    "title": "@intellix doesn't parse any jsx at all",
    "status": "0",
    "type": 3
  },
  {
    "id": 57,
    "title": "interface iGreat  (...args: number brianjorden>",
    "status": "0",
    "type": 3
  },
  {
    "id": 58,
    "title": "spacejack> doesn't run NaridaL>",
    "status": "0",
    "type": 3
  },
  {
    "id": 59,
    "title": "don't use a bundler if you're targeting the browser",
    "status": "0",
    "type": 3
  },
  {
    "id": 60,
    "title": "how can i create um array boolean and objcts",
    "status": "0",
    "type": 3
  },
  {
    "id": 61,
    "title": "what do you mean by enums?",
    "status": "0",
    "type": 3
  },
  {
    "id": 62,
    "title": "trouble setting breakpoints on down-converted async-await",
    "status": "0",
    "type": 3
  },
  {
    "id": 63,
    "title": "does this.method() operate serially or have an annotation available to enable that",
    "status": "0",
    "type": 3
  },
  {
    "id": 64,
    "title": "ng1 vs ng2 interfaces ( inheritance vs composition )",
    "status": "0",
    "type": 3
  },
  {
    "id": 65,
    "title": "why does  this.single = this.single.slice",
    "status": "0",
    "type": 3
  },
  {
    "id": 66,
    "title": "typescript only supports syntactic enhancements and not polyfills",
    "status": "0",
    "type": 3
  },
  {
    "id": 67,
    "title": "tuples in 2.6 to 2.7 broke tstackhouse>",
    "status": "0",
    "type": 3
  },
  {
    "id": 68,
    "title": "add support for import foo = require(\"bar\") syntax on System",
    "status": "0",
    "type": 3
  },
  {
    "id": 69,
    "title": "@con-ssc - squares:string is hard to read on the phone",
    "status": "0",
    "type": 3
  },
  {
    "id": 70,
    "title": "",
    "status": "0",
    "type": 1
  },
  {
    "id": 71,
    "title": "unional> ts function handleError(error: any)",
    "status": "0",
    "type": 3
  },
  {
    "id": 72,
    "title": "add a.compilerNode property to the api",
    "status": "0",
    "type": 3
  },
  {
    "id": 73,
    "title": "tree shaking with typescript 2.0-dev and webpack 2.1.0-beta.21",
    "status": "0",
    "type": 3
  },
  {
    "id": 74,
    "title": "mockrequire doesn't work with import",
    "status": "0",
    "type": 3
  },
  {
    "id": 75,
    "title": "type bar = string;  srolel> without bracket notation",
    "status": "0",
    "type": 3
  },
  {
    "id": 76,
    "title": "javascript / typescript template engine suggestions",
    "status": "0",
    "type": 3
  },
  {
    "id": 77,
    "title": "how to use module-path-aliases '' in javascript",
    "status": "0",
    "type": 3
  },
  {
    "id": 78,
    "title": "can you give an example of the 'paths'setup you mean?",
    "status": "0",
    "type": 3
  },
  {
    "id": 79,
    "title": "is there a way to define a typescript application without frameworks?",
    "status": "0",
    "type": 3
  },
  {
    "id": 80,
    "title": "moving from javascript to typescript incrementally ( without rewriting the whole project once",
    "status": "0",
    "type": 3
  },
  {
    "id": 81,
    "title": "is it possible to use vanilla js in.ts files?",
    "status": "0",
    "type": 3
  },
  {
    "id": 82,
    "title": "conditional types are indispensible when you start doing generic types",
    "status": "0",
    "type": 3
  },
  {
    "id": 83,
    "title": "how do i know if a typing exists for a particular npm package",
    "status": "0",
    "type": 3
  },
  {
    "id": 84,
    "title": "is it supposed to go in the file where i define the mixin?",
    "status": "0",
    "type": 3
  },
  {
    "id": 85,
    "title": "decorator-based ORM for ts?",
    "status": "0",
    "type": 3
  },
  {
    "id": 86,
    "title": "import ns as foo from './util/DomDataExtraction",
    "status": "0",
    "type": 3
  },
  {
    "id": 87,
    "title": "where is _.pluck :worried : Shadow",
    "status": "0",
    "type": 3
  },
  {
    "id": 88,
    "title": "is it worth it to use '.connect(...)'with'react",
    "status": "0",
    "type": 3
  },
  {
    "id": 89,
    "title": "is there a way to provide a second alternative typings file for a library",
    "status": "0",
    "type": 3
  },
  {
    "id": 90,
    "title": "stage 3 proposal - should it be available/fixed in TS 3.0?",
    "status": "0",
    "type": 3
  },
  {
    "id": 91,
    "title": "what is a valid signature for 'onUploadSuccess '",
    "status": "0",
    "type": 3
  },
  {
    "id": 92,
    "title": "how to extend native javascript array methods in typescript?",
    "status": "0",
    "type": 3
  },
  {
    "id": 93,
    "title": "is there a way to pass a namespace to a typescript function?",
    "status": "0",
    "type": 3
  },
  {
    "id": 94,
    "title": "how can i see the funciton body of addSystems?",
    "status": "0",
    "type": 3
  },
  {
    "id": 95,
    "title": "what type is GRardB> when declaring a new component using typescript",
    "status": "0",
    "type": 3
  },
  {
    "id": 96,
    "title": "what to do if there are no typings for a lib?",
    "status": "0",
    "type": 3
  },
  {
    "id": 97,
    "title": "why put it on the symbol constructor AnyhowStep>?",
    "status": "0",
    "type": 3
  },
  {
    "id": 98,
    "title": "is it possible to have both types and typeRoots in vscode?",
    "status": "0",
    "type": 3
  },
  {
    "id": 99,
    "title": "generic types and non-nullable types ( typescript 2.8 )",
    "status": "0",
    "type": 3
  },
  {
    "id": 100,
    "title": "",
    "status": "1"
  },
  {
    "id": 101,
    "title": "",
    "status": "1"
  },
  {
    "id": 102,
    "title": "how to replicate partial classes using MonleyPatching in @bluedog13?",
    "status": "0",
    "type": 3
  },
  {
    "id": 103,
    "title": "how to layout a type definitions module that matches the DefinitelyTyped repo",
    "status": "0",
    "type": 3
  },
  {
    "id": 104,
    "title": "filesGlob '' is not a real option for compile",
    "status": "0",
    "type": 3
  },
  {
    "id": 105,
    "title": "angular-rhys-vdw typeguard problem is different",
    "status": "0",
    "type": 3
  },
  {
    "id": 106,
    "title": "what is the difference between different constructor names in TS and js?",
    "status": "0",
    "type": 3
  },
  {
    "id": 107,
    "title": "is this always an instance in ts/js?",
    "status": "0",
    "type": 3
  },
  {
    "id": 108,
    "title": "why am i getting 'routes has no exported member'error?",
    "status": "0",
    "type": 3
  },
  {
    "id": 109,
    "title": "'module.exports = require('dist/index')",
    "status": "0",
    "type": 3
  },
  {
    "id": 110,
    "title": "@electricessence what are those green things in the gutter?",
    "status": "0",
    "type": 3
  },
  {
    "id": 111,
    "title": "why is x of type null and no longer number",
    "status": "0",
    "type": 3
  },
  {
    "id": 112,
    "title": "'typescript service'doesn't work using 'tsconfig",
    "status": "0",
    "type": 3
  },
  {
    "id": 113,
    "title": "how to debug jest test written in typescript specific to this react starter",
    "status": "0",
    "type": 3
  },
  {
    "id": 114,
    "title": "typings doesn't seem to be working with.d.ts files",
    "status": "0",
    "type": 3
  },
  {
    "id": 115,
    "title": "how to give typing information for property decorators?",
    "status": "0",
    "type": 3
  },
  {
    "id": 116,
    "title": "why does typescript follow refs in node_modules?",
    "status": "0",
    "type": 3
  },
  {
    "id": 117,
    "title": "can a file be considered a module if it contains a top-level import",
    "status": "0",
    "type": 3
  },
  {
    "id": 118,
    "title": "is tsc deprecated? --init does",
    "status": "0",
    "type": 3
  },
  {
    "id": 119,
    "title": "use polymorphism or a type union instead of patsissons>",
    "status": "0",
    "type": 3
  },
  {
    "id": 120,
    "title": "error on a plain object without any props czhower>",
    "status": "0",
    "type": 3
  },
  {
    "id": 121,
    "title": "why does Object.assign infer different types than denis",
    "status": "0",
    "type": 3
  },
  {
    "id": 122,
    "title": "is there a way to erase the generic method in.net libraries?",
    "status": "0",
    "type": 3
  },
  {
    "id": 123,
    "title": "how to SELECT * from whateversql in php?",
    "status": "0",
    "type": 3
  },
  {
    "id": 124,
    "title": "text replacement on the strings of complex objects",
    "status": "0",
    "type": 3
  },
  {
    "id": 125,
    "title": "accessing globals (e.g. window property) with 'webpack '",
    "status": "0",
    "type": 3
  },
  {
    "id": 126,
    "title": "add a 'b?: number  type Mutable'to the interface",
    "status": "0",
    "type": 3
  },
  {
    "id": 127,
    "title": "getting NaridaL> from https://react.org/blog/",
    "status": "0",
    "type": 3
  },
  {
    "id": 128,
    "title": "@felixfbecker is not the constructor of 'dtabuenc",
    "status": "0",
    "type": 3
  },
  {
    "id": 129,
    "title": "naridaL> is useless when using the TSLS with webstorm",
    "status": "0",
    "type": 3
  },
  {
    "id": 130,
    "title": "can't click on function names in 'decorator support '",
    "status": "0",
    "type": 3
  },
  {
    "id": 131,
    "title": "how many ways can i use it eyelidlessness>?",
    "status": "0",
    "type": 3
  },
  {
    "id": 132,
    "title": "spacejack https://www.typescriptlang.org/play/src=inter",
    "status": "0",
    "type": 3
  },
  {
    "id": 133,
    "title": "is there a proposal for react-ts-loader+hot reload in",
    "status": "0",
    "type": 3
  },
  {
    "id": 134,
    "title": "hanonJackson> https://www.typescriptlang.org/play",
    "status": "0",
    "type": 3
  },
  {
    "id": 135,
    "title": "setting up a new TS 1.9 + React + Webpack + Babel project",
    "status": "0",
    "type": 3
  },
  {
    "id": 136,
    "title": "ng1StateDefinition vs ng2StateDefinition",
    "status": "0",
    "type": 3
  },
  {
    "id": 137,
    "title": "module build failed: error while parsing tsconfig.json",
    "status": "0",
    "type": 3
  },
  {
    "id": 138,
    "title": "export var A mattmazzola> outside declare global",
    "status": "0",
    "type": 3
  },
  {
    "id": 139,
    "title": "how to declare a library module in tsconfig?",
    "status": "0",
    "type": 3
  },
  {
    "id": 140,
    "title": "error is displayed from VSCode editor SalathielGenese>",
    "status": "1"
  },
  {
    "id": 141,
    "title": "meaningless",
    "status": "0",
    "type": 1
  },
  {
    "id": 142,
    "title": "how to extend anonymous classes in typescript with webpack?",
    "status": "0",
    "type": 3
  },
  {
    "id": 143,
    "title": "how to annotate 'isShort'function that returns a boo",
    "status": "0",
    "type": 3
  },
  {
    "id": 144,
    "title": "what does | number == number mean in a type?",
    "status": "0",
    "type": 3
  },
  {
    "id": 145,
    "title": "can't use id: number in stateless component",
    "status": "0",
    "type": 3
  },
  {
    "id": 146,
    "title": "does node 6@latest support typescript out of the box?",
    "status": "0",
    "type": 3
  },
  {
    "id": 147,
    "title": "'then'has a nested then and a Promise.all",
    "status": "0",
    "type": 3
  },
  {
    "id": 148,
    "title": "how to use different types in Optional class to avoid null or undefined",
    "status": "0",
    "type": 3
  },
  {
    "id": 149,
    "title": "npm grabbing typescript 2.3.2 instead of 2.2.2",
    "status": "0",
    "type": 3
  },
  {
    "id": 150,
    "title": "why is array.some(x = ) more direct than array.some(x =",
    "status": "0",
    "type": 3
  },
  {
    "id": 151,
    "title": "error TS1109: Expression expected. :( derfloscher",
    "status": "0",
    "type": 3
  },
  {
    "id": 152,
    "title": "can you transpile TypeScript directly in the browser for debugging/local dev",
    "status": "0",
    "type": 3
  },
  {
    "id": 153,
    "title": "'require(\"Components/usability-test-layout\")",
    "status": "0",
    "type": 3
  },
  {
    "id": 154,
    "title": "from> expects a string that refers to a file name",
    "status": "0",
    "type": 3
  },
  {
    "id": 155,
    "title": "how to get TS 2.1 RC from npm?",
    "status": "0",
    "type": 3
  },
  {
    "id": 156,
    "title": "is there any way to specify the return type of a function?",
    "status": "0",
    "type": 3
  },
  {
    "id": 157,
    "title": "how to constrain generic type only to enums?",
    "status": "0",
    "type": 3
  },
  {
    "id": 158,
    "title": "import node module from npm without d.ts file",
    "status": "0",
    "type": 3
  },
  {
    "id": 159,
    "title": "typescript imported from '../models/dtos' throws error",
    "status": "0",
    "type": 3
  },
  {
    "id": 160,
    "title": "why does FloMaetschke_twitter> work with var",
    "status": "0",
    "type": 3
  },
  {
    "id": 161,
    "title": "is it possible to exclude multiple patterns or exclude entire directory with typedoc?",
    "status": "0",
    "type": 3
  },
  {
    "id": 162,
    "title": "'convert-base64-string-to-arraybuffer '",
    "status": "0",
    "type": 3
  },
  {
    "id": 163,
    "title": "what is the difference between a namespace and an interface in typescript?",
    "status": "0",
    "type": 3
  },
  {
    "id": 164,
    "title": "tsc is throwing ERROR in NaridaL",
    "status": "0",
    "type": 3
  },
  {
    "id": 165,
    "title": "typescript import  Generic  from 'typeprops '",
    "status": "0",
    "type": 3
  },
  {
    "id": 166,
    "title": "how do you determine if a serialized object can have res?",
    "status": "0",
    "type": 3
  },
  {
    "id": 167,
    "title": "what is the proper way to debug a type definition?",
    "status": "0",
    "type": 3
  },
  {
    "id": 168,
    "title": "keeping node_modules/@types only for published npm types",
    "status": "0",
    "type": 3
  },
  {
    "id": 169,
    "title": "",
    "status": "0",
    "type": 1
  },
  {
    "id": 170,
    "title": "how to install mongodb in typescript environment?",
    "status": "0",
    "type": 3
  },
  {
    "id": 171,
    "title": "how to transfer from javascript to typescript pt i types variables?",
    "status": "0",
    "type": 3
  },
  {
    "id": 172,
    "title": "sam-s4s> has been identified 4 years ago but never fixed",
    "status": "0",
    "type": 3
  },
  {
    "id": 173,
    "title": "how to change the return type of a function?",
    "status": "0",
    "type": 3
  },
  {
    "id": 174,
    "title": "validation using decorators like wanderer06> and wanderer06",
    "status": "0",
    "type": 3
  },
  {
    "id": 175,
    "title": "how to 'inject'a namespace into an already imported package?",
    "status": "0",
    "type": 3
  },
  {
    "id": 176,
    "title": "is it possible to destructuring as glob with ES6 import syntax?",
    "status": "0",
    "type": 3
  },
  {
    "id": 177,
    "title": "how to programatically access a variable inside a closure without a debugger",
    "status": "0",
    "type": 3
  },
  {
    "id": 178,
    "title": "can not pass T to StringPropertyNames",
    "status": "0",
    "type": 3
  },
  {
    "id": 179,
    "title": "it's easy to write classes in JS but impossible to write prototypes in Java",
    "status": "0",
    "type": 3
  },
  {
    "id": 180,
    "title": "implementing a typesafe-service-registry in typescript",
    "status": "0",
    "type": 3
  },
  {
    "id": 181,
    "title": "the specified task executable \"tsc.exe\" could not be run",
    "status": "0",
    "type": 3
  },
  {
    "id": 182,
    "title": "",
    "status": "1"
  },
  {
    "id": 183,
    "title": "can not find type definition file for 'html'. siewers>",
    "status": "0",
    "type": 3
  },
  {
    "id": 184,
    "title": "automated build with 'outDir'flag in tsconfig.j",
    "status": "0",
    "type": 3
  },
  {
    "id": 185,
    "title": "is it possible to use for in to iterate over a map?",
    "status": "0",
    "type": 3
  }
]