[
  {
    "id": 1080,
    "title": "how to start mining on apexusman11_twitter?",
    "status": "0",
    "type": 3,
    "dialog_id": 2643
  },
  {
    "id": 1081,
    "title": "how can i transfer bitcoin to an ethereum wallet?",
    "status": "0",
    "type": 3,
    "dialog_id": 2124
  },
  {
    "id": 1082,
    "title": "can i have an ethereum wallet with my android phone?",
    "status": "0",
    "type": 3,
    "dialog_id": 5165
  },
  {
    "id": 1083,
    "title": "can i have multiply addresses like recipients in eth 1 transaction?",
    "status": "0",
    "type": 3,
    "dialog_id": 3720
  },
  {
    "id": 1084,
    "title": "",
    "status": "1",
    "type": 4,
    "dialog_id": 2254
  },
  {
    "id": 1085,
    "title": "Wallet meter is filling up slowly - any documentation or layman's version",
    "status": "0",
    "type": 3,
    "dialog_id": 2720
  },
  {
    "id": 1086,
    "title": "how do i log into my ethereum account?",
    "status": "0",
    "type": 3,
    "dialog_id": 4752
  },
  {
    "id": 1087,
    "title": "",
    "status": "1",
    "type": 4,
    "dialog_id": 1260
  },
  {
    "id": 1088,
    "title": "any societies in London for blockchain and cryptocurrencies where you can meet people in-person?",
    "status": "0",
    "type": 3,
    "dialog_id": 2548
  },
  {
    "id": 1089,
    "title": "how to use eth wallet with claymore?",
    "status": "0",
    "type": 3,
    "dialog_id": 4097
  },
  {
    "id": 1090,
    "title": "how can i create a crowdsale process using tibco",
    "status": "0",
    "type": 3,
    "dialog_id": 3285
  },
  {
    "id": 1091,
    "title": "how to register with the best ethereum Wallet Provider here in South Africa",
    "status": "0",
    "type": 3,
    "dialog_id": 3814
  },
  {
    "id": 1092,
    "title": "i want to be a blockchain developer, can anyone suggest good place to start from",
    "status": "0",
    "type": 3,
    "dialog_id": 3911
  },
  {
    "id": 1093,
    "title": "how to integrate existing pow coins with ether smart contracts?",
    "status": "0",
    "type": 3,
    "dialog_id": 1229
  },
  {
    "id": 1094,
    "title": "how to run geth with ethereum and submit docs ",
    "status": "0",
    "type": 2,
    "dialog_id": 4687
  },
  {
    "id": 1095,
    "title": "vbuterin doesn't seem to know what he's talking about",
    "status": "1",
    "type": 4,
    "dialog_id": 4246
  },
  {
    "id": 1096,
    "title": "i made my ethe wallet before DAO got hacking, now my wallet",
    "status": "0",
    "type": 3,
    "dialog_id": 977
  },
  {
    "id": 1097,
    "title": "",
    "status": "1",
    "type": 4,
    "dialog_id": 1034
  },
  {
    "id": 1098,
    "title": "eth doesn't show up on my wallet",
    "status": "0",
    "type": 3,
    "dialog_id": 1497
  },
  {
    "id": 1099,
    "title": "i sent money to an ICO called Ethereum Key ",
    "status": "0",
    "type": 2,
    "dialog_id": 5247
  },
  {
    "id": 1100,
    "title": "how to reclaim my ethereum coins after a cross chain deposit?",
    "status": "0",
    "type": 3,
    "dialog_id": 5007
  },
  {
    "id": 1101,
    "title": "",
    "status": "1",
    "type": 4,
    "dialog_id": 2401
  },
  {
    "id": 1102,
    "title": "how can i verify my etherscan contract?",
    "status": "0",
    "type": 3,
    "dialog_id": 3629
  },
  {
    "id": 1103,
    "title": "how does this etherum/bitcoin thing works?",
    "status": "0",
    "type": 3,
    "dialog_id": 4230
  },
  {
    "id": 1104,
    "title": "7 errors preventing me for sending etherium to aeternity",
    "status": "0",
    "type": 3,
    "dialog_id": 1538
  },
  {
    "id": 1105,
    "title": "can anyone please suggest a good documentation for compiling and deploying smart contract through compiler ? ",
    "status": "0",
    "type": 2,
    "dialog_id": 5854
  },
  {
    "id": 1106,
    "title": "can i do a smart contract chain that references itself. on eth?",
    "status": "0",
    "type": 3,
    "dialog_id": 2943
  },
  {
    "id": 1107,
    "title": "",
    "status": "1",
    "type": 4,
    "dialog_id": 5795
  },
  {
    "id": 1108,
    "title": "is it a good time to buy or wait until it drops a little?",
    "status": "0",
    "type": 3,
    "dialog_id": 1282
  },
  {
    "id": 1109,
    "title": "2 ether numbers were reversed when i sent the ether from my mist wallet",
    "status": "0",
    "type": 3,
    "dialog_id": 3002
  },
  {
    "id": 1110,
    "title": "how do i access an ether wallet that only has an adress and private key?",
    "status": "0",
    "type": 3,
    "dialog_id": 2890
  },
  {
    "id": 1111,
    "title": "transactionList contains full transaction hashes or only transaction hashes",
    "status": "0",
    "type": 3,
    "dialog_id": 5822
  },
  {
    "id": 1112,
    "title": "",
    "status": "1",
    "type": 4,
    "dialog_id": 5933
  },
  {
    "id": 1113,
    "title": "why do you need ethereum?",
    "status": "0",
    "type": 2,
    "dialog_id": 3923
  },
  {
    "id": 1114,
    "title": "how to create a smart contract using ethereum?",
    "status": "0",
    "type": 3,
    "dialog_id": 5160
  },
  {
    "id": 1115,
    "title": "how can i open an ether wallet?",
    "status": "0",
    "type": 3,
    "dialog_id": 2846
  },
  {
    "id": 1116,
    "title": "",
    "status": "1",
    "type": 4,
    "dialog_id": 2215
  },
  {
    "id": 1117,
    "title": "how long will i be mining the block chain with gpu at 18MH?",
    "status": "0",
    "type": 3,
    "dialog_id": 539
  },
  {
    "id": 1118,
    "title": "",
    "status": "1",
    "type": 4,
    "dialog_id": 3200
  },
  {
    "id": 1119,
    "title": "how can i create an account on tselitsky?",
    "status": "0",
    "type": 3,
    "dialog_id": 4455
  },
  {
    "id": 1120,
    "title": "is it worth having dapps and smart contracts installed in the same UI?",
    "status": "0",
    "type": 3,
    "dialog_id": 1175
  },
  {
    "id": 1121,
    "title": "is it possible to program over the ethereum platform fro java?",
    "status": "0",
    "type": 3,
    "dialog_id": 4804
  },
  {
    "id": 1122,
    "title": "can i build a social network on Ethereum without a backend server?",
    "status": "0",
    "type": 3,
    "dialog_id": 1787
  },
  {
    "id": 1123,
    "title": "ethereum account creation and unlocking via json api",
    "status": "0",
    "type": 3,
    "dialog_id": 269
  },
  {
    "id": 1124,
    "title": "what's the pros and cons of the new hardfork implementation for ethereum",
    "status": "0",
    "type": 3,
    "dialog_id": 679
  },
  {
    "id": 1125,
    "title": "how to generate a bitcon address using nodejs and ethereum",
    "status": "0",
    "type": 3,
    "dialog_id": 5333
  },
  {
    "id": 1126,
    "title": "",
    "status": "1",
    "type": 4,
    "dialog_id": 5370
  },
  {
    "id": 1127,
    "title": "",
    "status": "1",
    "type": 4,
    "dialog_id": 5978
  },
  {
    "id": 1128,
    "title": "how to create an asset based cryptocurrency ( ethereum )?",
    "status": "0",
    "type": 3,
    "dialog_id": 3150
  },
  {
    "id": 1129,
    "title": "error  The contract code could not be stored, please check your gas amount ''",
    "status": "0",
    "type": 3,
    "dialog_id": 727
  },
  {
    "id": 1130,
    "title": "'geth.ethereum.org/downloads/'link should show",
    "status": "1",
    "type": 4,
    "dialog_id": 1835
  },
  {
    "id": 1131,
    "title": "error 9 when i type 'geth'on an iMac",
    "status": "0",
    "type": 3,
    "dialog_id": 1514
  },
  {
    "id": 1132,
    "title": "how can i check an eth address is validate?",
    "status": "0",
    "type": 3,
    "dialog_id": 975
  },
  {
    "id": 1133,
    "title": "where is all the testnet ether at lol please send some",
    "status": "0",
    "type": 3,
    "dialog_id": 2697
  },
  {
    "id": 1134,
    "title": "how can i mine ethereum with a CPU or GPU?",
    "status": "0",
    "type": 3,
    "dialog_id": 4410
  },
  {
    "id": 1135,
    "title": "can SmartContracts update a saved value (savec in the blockchain)?",
    "status": "0",
    "type": 3,
    "dialog_id": 1468
  },
  {
    "id": 1136,
    "title": "is there any API available to convert amount of ether to corresponding USD?",
    "status": "0",
    "type": 3,
    "dialog_id": 5464
  },
  {
    "id": 1137,
    "title": "how can i get API's to generate new ether address?",
    "status": "0",
    "type": 3,
    "dialog_id": 2935
  },
  {
    "id": 1138,
    "title": "is there a way for me to contact the best crypto programmer in the world?",
    "status": "0",
    "type": 3,
    "dialog_id": 2940
  },
  {
    "id": 1139,
    "title": "can i use the antminer s7 at low term?",
    "status": "0",
    "type": 3,
    "dialog_id": 1030
  },
  {
    "id": 1140,
    "title": "is there a channel dedicated to eth?",
    "status": "0",
    "type": 3,
    "dialog_id": 1944
  },
  {
    "id": 1141,
    "title": "the way the marketing-peoples handle-well their job",
    "status": "0",
    "type": 2,
    "dialog_id": 5364
  },
  {
    "id": 1142,
    "title": "what do you think is the safest way to sell ether?",
    "status": "1",
    "type": 4,
    "dialog_id": 1423
  },
  {
    "id": 1143,
    "title": "how to start mining ethereum?",
    "status": "0",
    "type": 3,
    "dialog_id": 1619
  },
  {
    "id": 1144,
    "title": "",
    "status": "1",
    "type": 4,
    "dialog_id": 5908
  },
  {
    "id": 1145,
    "title": "",
    "status": "1",
    "type": 4,
    "dialog_id": 4172
  },
  {
    "id": 1146,
    "title": "how to start an account with @renanandreatta_twitter?",
    "status": "0",
    "type": 3,
    "dialog_id": 4047
  },
  {
    "id": 1147,
    "title": "how do i verify token on etherscan?",
    "status": "0",
    "type": 3,
    "dialog_id": 1876
  },
  {
    "id": 1148,
    "title": "how do smart-contracts run on the blockchain?",
    "status": "0",
    "type": 3,
    "dialog_id": 233
  },
  {
    "id": 1149,
    "title": "",
    "status": "1",
    "type": 4,
    "dialog_id": 509
  },
  {
    "id": 1150,
    "title": "",
    "status": "1",
    "type": 4,
    "dialog_id": 5167
  },
  {
    "id": 1151,
    "title": "how to troubleshoot a white screen in the middle of the browser?",
    "status": "0",
    "type": 3,
    "dialog_id": 424
  },
  {
    "id": 1152,
    "title": "how can i use the ethereum logo in my cutom design?",
    "status": "0",
    "type": 3,
    "dialog_id": 3797
  },
  {
    "id": 1153,
    "title": "how to form the data field in ethereumjs for creating raw transactions?",
    "status": "0",
    "type": 3,
    "dialog_id": 4273
  },
  {
    "id": 1154,
    "title": "why did i put my seed words on infura?",
    "status": "0",
    "type": 3,
    "dialog_id": 5760
  },
  {
    "id": 1155,
    "title": "i want to buy Ether, how can i do it?",
    "status": "0",
    "type": 3,
    "dialog_id": 4183
  },
  {
    "id": 1156,
    "title": "is there a way to become a Sovereign Citizen?",
    "status": "0",
    "type": 3,
    "dialog_id": 3153
  },
  {
    "id": 1157,
    "title": "how to use metamask or coinomi on android?",
    "status": "0",
    "type": 3,
    "dialog_id": 2718
  },
  {
    "id": 1158,
    "title": "can i download the ethereum client from the ethereum website?",
    "status": "0",
    "type": 3,
    "dialog_id": 4162
  },
  {
    "id": 1159,
    "title": "best place to learn ethereum subject for microsoft AZURE?",
    "status": "0",
    "type": 3,
    "dialog_id": 3859
  },
  {
    "id": 1160,
    "title": "is there any way to check balances and make shipments token from any online wallet?",
    "status": "0",
    "type": 3,
    "dialog_id": 637
  },
  {
    "id": 1161,
    "title": "how does ethereum expand on Bitcoin's weaknesses",
    "status": "0",
    "type": 3,
    "dialog_id": 449
  },
  {
    "id": 1162,
    "title": "shifty - unable to view deposit address in order to receive ethererum",
    "status": "0",
    "type": 3,
    "dialog_id": 274
  },
  {
    "id": 1163,
    "title": "is there a limit on the amount of ethereum that can be produced?",
    "status": "0",
    "type": 3,
    "dialog_id": 1760
  },
  {
    "id": 1164,
    "title": "is it possible to build a thin client in ethereum?",
    "status": "0",
    "type": 3,
    "dialog_id": 2755
  },
  {
    "id": 1165,
    "title": "",
    "status": "1",
    "type": 4,
    "dialog_id": 3344
  },
  {
    "id": 1166,
    "title": "",
    "status": "1",
    "type": 4,
    "dialog_id": 5502
  },
  {
    "id": 1167,
    "title": "how can i buy ethereum by visa credit card with low comission?",
    "status": "0",
    "type": 3,
    "dialog_id": 4496
  },
  {
    "id": 1168,
    "title": "do i have to do a new download or can I buy Ether now?",
    "status": "0",
    "type": 3,
    "dialog_id": 4632
  },
  {
    "id": 1169,
    "title": "please help to food of Ukraine 0x7f535A871920F40",
    "status": "0",
    "type": 3,
    "dialog_id": 3163
  },
  {
    "id": 1170,
    "title": "is there a way to recover eth sent to a wrong address?",
    "status": "0",
    "type": 3,
    "dialog_id": 5559
  },
  {
    "id": 1171,
    "title": "how to create many wallets for customers of business center automatically?",
    "status": "0",
    "type": 3,
    "dialog_id": 3679
  },
  {
    "id": 1172,
    "title": "what kind of applications are possible to build with Ethereum?",
    "status": "0",
    "type": 3,
    "dialog_id": 1331
  },
  {
    "id": 1173,
    "title": "how many days ethreum will take to get atlest 1 ether?",
    "status": "0",
    "type": 3,
    "dialog_id": 2913
  },
  {
    "id": 1174,
    "title": "how to use ethereum in the food industry?",
    "status": "0",
    "type": 3,
    "dialog_id": 1366
  },
  {
    "id": 1175,
    "title": "what is the current running mist.exe on my computer?",
    "status": "0",
    "type": 3,
    "dialog_id": 1969
  },
  {
    "id": 1176,
    "title": "how can i delete a smart contract? ",
    "status": "0",
    "type": 2,
    "dialog_id": 4199
  },
  {
    "id": 1177,
    "title": "file not recognized when dropping wallet file from formatted HDD into \"Drop wallet file\"",
    "status": "0",
    "type": 3,
    "dialog_id": 2443
  },
  {
    "id": 1178,
    "title": "is there a way for a token buyer to receive a return on investment?",
    "status": "0",
    "type": 3,
    "dialog_id": 3183
  },
  {
    "id": 1179,
    "title": "where to manage ethereum wallet online?",
    "status": "0",
    "type": 3,
    "dialog_id": 1715
  },
  {
    "id": 1180,
    "title": "",
    "status": "1",
    "type": 4,
    "dialog_id": 4949
  },
  {
    "id": 1181,
    "title": "ethereum tx doesn't show up on etherscan",
    "status": "0",
    "type": 3,
    "dialog_id": 4256
  },
  {
    "id": 1182,
    "title": "i need a block chain dev in the dallas area.",
    "status": "0",
    "type": 3,
    "dialog_id": 5744
  },
  {
    "id": 1183,
    "title": "is there an official app/wallet that is CLI only?",
    "status": "0",
    "type": 3,
    "dialog_id": 2838
  },
  {
    "id": 1184,
    "title": " does not proove anything in my opinion.",
    "status": "0",
    "type": 2,
    "dialog_id": 3453
  },
  {
    "id": 1185,
    "title": "what is the best wallet for ethereum? and where to buy/sell them?",
    "status": "0",
    "type": 3,
    "dialog_id": 2695
  },
  {
    "id": 1186,
    "title": "why are txn tokens needed for a blockchain company?",
    "status": "0",
    "type": 3,
    "dialog_id": 3908
  },
  {
    "id": 1000,
    "title": "can someone help me if i want to start mining ether?",
    "status": "0",
    "type": 3,
    "dialog_id": 2387
  },
  {
    "id": 1001,
    "title": "how can i cancel a transaction pending since november 7?",
    "status": "0",
    "type": 3,
    "dialog_id": 4381
  },
  {
    "id": 1002,
    "title": "myethereumwallet SEP> not sync SEP>",
    "status": "1",
    "type": 4,
    "dialog_id": 1667
  },
  {
    "id": 1003,
    "title": "",
    "status": "1",
    "type": 4,
    "dialog_id": 947
  },
  {
    "id": 1004,
    "title": "why are people sending me easter tokens?",
    "status": "0",
    "type": 3,
    "dialog_id": 5361
  },
  {
    "id": 1005,
    "title": "is it possible to contact the foundation of ethereum via e-mail?",
    "status": "0",
    "type": 3,
    "dialog_id": 4976
  },
  {
    "id": 1006,
    "title": "how much money do i need to invest in ethereum?",
    "status": "0",
    "type": 3,
    "dialog_id": 5846
  },
  {
    "id": 1007,
    "title": "how can i hold ethreum SEP",
    "status": "0",
    "type": 2,
    "dialog_id": 2875
  },
  {
    "id": 1008,
    "title": "",
    "status": "1",
    "type": 4,
    "dialog_id": 3551
  },
  {
    "id": 1009,
    "title": "how to get wallet?and how to execute the code for create",
    "status": "0",
    "type": 2,
    "dialog_id": 2110
  },
  {
    "id": 1010,
    "title": "",
    "status": "1",
    "type": 4,
    "dialog_id": 6051
  },
  {
    "id": 1011,
    "title": "is your coinbase balanced decreased? does transaction show on ertherscan?",
    "status": "0",
    "type": 3,
    "dialog_id": 5206
  },
  {
    "id": 1012,
    "title": "why doesn't pacer have a docket number for howey",
    "status": "0",
    "type": 3,
    "dialog_id": 3384
  },
  {
    "id": 1013,
    "title": "",
    "status": "1",
    "type": 4,
    "dialog_id": 3200
  },
  {
    "id": 1014,
    "title": "are paper wallets a good idea? ",
    "status": "0",
    "type": 2,
    "dialog_id": 1886
  },
  {
    "id": 1015,
    "title": "what do you think about the current situation of Etherium?",
    "status": "0",
    "type": 3,
    "dialog_id": 6030
  },
  {
    "id": 1016,
    "title": "my token was taken from metamask wallet metamask @kupi.net",
    "status": "0",
    "type": 3,
    "dialog_id": 5592
  },
  {
    "id": 1017,
    "title": "loomio - no etherbase set and no accounts found as default",
    "status": "1",
    "type": 4,
    "dialog_id": 2863
  },
  {
    "id": 1018,
    "title": "how to get ether in testnet network using ethereum wallet in os",
    "status": "0",
    "type": 3,
    "dialog_id": 195
  },
  {
    "id": 1019,
    "title": "is there a reason ethereum wallet can not be mined?",
    "status": "0",
    "type": 3,
    "dialog_id": 2399
  },
  {
    "id": 1020,
    "title": "how can i get eth from https://exmo.com website?",
    "status": "0",
    "type": 3,
    "dialog_id": 3780
  },
  {
    "id": 1021,
    "title": "converting 1 gas token to ETH would cost about $10K USD ",
    "status": "0",
    "type": 2,
    "dialog_id": 1349
  },
  {
    "id": 1022,
    "title": "is there a way to change the folder for the blockchain?",
    "status": "0",
    "type": 2,
    "dialog_id": 4109
  },
  {
    "id": 1023,
    "title": "how can i send money through my website with ethereum?",
    "status": "0",
    "type": 3,
    "dialog_id": 672
  },
  {
    "id": 1024,
    "title": "ethereum exchange - insufficient funds. The account you tried to send transaction from",
    "status": "0",
    "type": 3,
    "dialog_id": 4444
  },
  {
    "id": 1025,
    "title": "is anyone familiar with smart contract trading using ethereum?",
    "status": "0",
    "type": 3,
    "dialog_id": 895
  },
  {
    "id": 1026,
    "title": "how to transfer funds from ethermine.org to my etherwallet account?",
    "status": "0",
    "type": 3,
    "dialog_id": 2670
  },
  {
    "id": 1027,
    "title": "what is the involvement of the Bank of Amercia in this project?",
    "status": "0",
    "type": 3,
    "dialog_id": 4026
  },
  {
    "id": 1028,
    "title": "convert to btc first then usd",
    "status": "0",
    "type": 3,
    "dialog_id": 3122
  },
  {
    "id": 1029,
    "title": "what is mist and how can i use it?",
    "status": "0",
    "type": 3,
    "dialog_id": 4597
  },
  {
    "id": 1030,
    "title": "etherwallet has been hacked, can i create a password for",
    "status": "1",
    "type": 4,
    "dialog_id": 4787
  },
  {
    "id": 1031,
    "title": "if you are a bitfincoin developer, we have an interesting position",
    "status": "1",
    "type": 4,
    "dialog_id": 5666
  },
  {
    "id": 1032,
    "title": "how to use approve and msg.sender operations",
    "status": "0",
    "type": 3,
    "dialog_id": 5684
  },
  {
    "id": 1033,
    "title": "what is the best option for new ethereum wallet in ipad?",
    "status": "0",
    "type": 3,
    "dialog_id": 5258
  },
  {
    "id": 1034,
    "title": "how can i get info about crypto currency? ",
    "status": "0",
    "type": 2,
    "dialog_id": 4278
  },
  {
    "id": 1035,
    "title": "",
    "status": "1",
    "type": 4,
    "dialog_id": 82
  },
  {
    "id": 1036,
    "title": "what's the conversion from h/s to MH/s? S",
    "status": "0",
    "type": 3,
    "dialog_id": 851
  },
  {
    "id": 1037,
    "title": "how can i send my own ethereum gold token to another wallet?",
    "status": "0",
    "type": 3,
    "dialog_id": 4726
  },
  {
    "id": 1038,
    "title": "",
    "status": "1",
    "type": 4,
    "dialog_id": 5690
  },
  {
    "id": 1039,
    "title": "is there a developer for ETH out there?",
    "status": "0",
    "type": 3,
    "dialog_id": 386
  },
  {
    "id": 1040,
    "title": "unable to sync mist wallet with ethereum.org",
    "status": "0",
    "type": 3,
    "dialog_id": 1116
  },
  {
    "id": 1041,
    "title": "is it possible to send certain amount of ethereum to coin owners?",
    "status": "0",
    "type": 3,
    "dialog_id": 2043
  },
  {
    "id": 1042,
    "title": "",
    "status": "1",
    "type": 4,
    "dialog_id": 5104
  },
  {
    "id": 1043,
    "title": "SEP> because there are loads to choose from. just use metamask or",
    "status": "1",
    "type": 4,
    "dialog_id": 5960
  },
  {
    "id": 1044,
    "title": "what is mist and how can i use it?",
    "status": "0",
    "type": 3,
    "dialog_id": 4597
  },
  {
    "id": 1045,
    "title": "Smart Contract solidity-source - a ponzi scheme for children",
    "status": "0",
    "type": 3,
    "dialog_id": 5369
  },
  {
    "id": 1046,
    "title": "can not open a wallet because it's not from an \"identified developer '",
    "status": "0",
    "type": 3,
    "dialog_id": 2171
  },
  {
    "id": 1047,
    "title": "why is ethereum dead now?",
    "status": "0",
    "type": 3,
    "dialog_id": 5779
  },
  {
    "id": 1048,
    "title": "is it still profitable to mine ether?",
    "status": "0",
    "type": 3,
    "dialog_id": 140
  },
  {
    "id": 1049,
    "title": "why is bitcoin more valuable than ethereum?",
    "status": "0",
    "type": 3,
    "dialog_id": 2431
  },
  {
    "id": 1050,
    "title": "they sent and i din't receive ",
    "status": "1",
    "type": 4,
    "dialog_id": 2561
  },
  {
    "id": 1051,
    "title": "how likely am i to get a block in nanopool?",
    "status": "0",
    "type": 3,
    "dialog_id": 2481
  },
  {
    "id": 1052,
    "title": "does marketing team write software? ",
    "status": "0",
    "type": 2,
    "dialog_id": 3169
  },
  {
    "id": 1053,
    "title": "eth from coin exchange to poloniex trx out of gas",
    "status": "0",
    "type": 3,
    "dialog_id": 2239
  },
  {
    "id": 1054,
    "title": "miner.start(* ) is not working on my ethereum Wallet",
    "status": "0",
    "type": 3,
    "dialog_id": 5401
  },
  {
    "id": 1055,
    "title": "omisego airdrop - how can i get back my ether?",
    "status": "0",
    "type": 3,
    "dialog_id": 5164
  },
  {
    "id": 1056,
    "title": "how does self-sovereign identity work in the blockchain?",
    "status": "0",
    "type": 3,
    "dialog_id": 1588
  },
  {
    "id": 1057,
    "title": "can i run the application while downloading ethereum homestead?",
    "status": "0",
    "type": 3,
    "dialog_id": 2734
  },
  {
    "id": 1058,
    "title": "what is the best way to setup on windows 10 on adobe?",
    "status": "0",
    "type": 3,
    "dialog_id": 3811
  },
  {
    "id": 1059,
    "title": "what should be the level of my wallet holding to earn something like 2 eths a month? any estimate?",
    "status": "0",
    "type": 2,
    "dialog_id": 2358
  },
  {
    "id": 1060,
    "title": "where to find the chaindata folder? ",
    "status": "0",
    "type": 1,
    "dialog_id": 145
  },
  {
    "id": 1061,
    "title": "why are all these transactions pending?",
    "status": "0",
    "type": 3,
    "dialog_id": 1001
  },
  {
    "id": 1062,
    "title": "is it compulsory to install geth for smart contract deployment on mainnet?",
    "status": "0",
    "type": 3,
    "dialog_id": 5775
  },
  {
    "id": 1063,
    "title": "is there any place like http://localbitcoins.com but for ETH",
    "status": "0",
    "type": 3,
    "dialog_id": 2987
  },
  {
    "id": 1064,
    "title": "how can i get a master password of alethone or aletzero",
    "status": "0",
    "type": 3,
    "dialog_id": 2912
  },
  {
    "id": 1065,
    "title": " Is it possible to list all transactions for one account with json-rpc without setting a newTransactionsFilter?",
    "status": "0",
    "type": 2,
    "dialog_id": 1566
  },
  {
    "id": 1066,
    "title": "how to send same number of tokens to multiple eth addresses?",
    "status": "0",
    "type": 3,
    "dialog_id": 4279
  },
  {
    "id": 1067,
    "title": "does kraken require personal details like email and stuff?",
    "status": "0",
    "type": 3,
    "dialog_id": 2858
  },
  {
    "id": 1068,
    "title": "is there a single use address feature for the ethereum blockchain?",
    "status": "0",
    "type": 3,
    "dialog_id": 5051
  },
  {
    "id": 1069,
    "title": "my wallet does not sync and I sent coins from poloniex to my wallet",
    "status": "0",
    "type": 3,
    "dialog_id": 1391
  },
  {
    "id": 1070,
    "title": "which website i should buy coin?",
    "status": "0",
    "type": 1,
    "dialog_id": 4377
  },
  {
    "id": 1071,
    "title": "how can i invest in ethereum until i can start mining myself?",
    "status": "0",
    "type": 3,
    "dialog_id": 409
  },
  {
    "id": 1072,
    "title": "does ethereum Wallet support getaccountaddress with Account Parameter?",
    "status": "0",
    "type": 3,
    "dialog_id": 1573
  },
  {
    "id": 1073,
    "title": "how do you mine ethereum with ipfs?",
    "status": "0",
    "type": 3,
    "dialog_id": 301
  },
  {
    "id": 1074,
    "title": "is there any ether official api ?",
    "status": "0",
    "type": 1,
    "dialog_id": 4504
  },
  {
    "id": 1075,
    "title": "how to transfer ethers from one exchange to another?",
    "status": "0",
    "type": 3,
    "dialog_id": 3190
  },
  {
    "id": 1076,
    "title": "unable to sync after fork - bad block #1150000",
    "status": "0",
    "type": 3,
    "dialog_id": 170
  },
  {
    "id": 1077,
    "title": "why do you need to invest in ethereum?",
    "status": "0",
    "type": 3,
    "dialog_id": 3647
  },
  {
    "id": 1078,
    "title": "oes someone have a link to images / collateral for ethereum?",
    "status": "0",
    "type": 1,
    "dialog_id": 110
  },
  {
    "id": 1079,
    "title": "is there a process for frothing fraudulent eth wallets?",
    "status": "0",
    "type": 3,
    "dialog_id": 2070
  },
  {
    "id": 1187,
    "title": "some companies/projects that allow me register a company and provide highlevel (js",
    "status": "0",
    "type": 3,
    "dialog_id": 4049
  },
  {
    "id": 1188,
    "title": "can you help me to learn more about ethereum?",
    "status": "0",
    "type": 3,
    "dialog_id": 756
  },
  {
    "id": 1189,
    "title": "",
    "status": "1",
    "type": 4,
    "dialog_id": 916
  },
  {
    "id": 1190,
    "title": " how can i buy etherum?",
    "status": "0",
    "type": 2,
    "dialog_id": 4219
  },
  {
    "id": 1191,
    "title": "is there a list of enodes to connect to miners directly in geth",
    "status": "0",
    "type": 3,
    "dialog_id": 5957
  },
  {
    "id": 1192,
    "title": "how to test eth network on robsten?",
    "status": "0",
    "type": 3,
    "dialog_id": 5702
  },
  {
    "id": 1193,
    "title": "",
    "status": "1",
    "type": 4,
    "dialog_id": 91
  },
  {
    "id": 1194,
    "title": "do i need the mist wallet or can i access via another wallet?",
    "status": "0",
    "type": 3,
    "dialog_id": 1884
  }
]