[{"id": 250, "title": "what is the best type of graphics card for miner SEP>?", "status": "0", "type": 3, "dialog_id": 376}, {"id": 251, "title": "how to convert from btc to ethe with etherium-wallet", "status": "0", "type": 3, "dialog_id": 530}, {"id": 252, "title": "how can i get back my ethereum after airdrop?", "status": "0", "type": 3, "dialog_id": 5164}, {"id": 253, "title": "how to create an asset based cryptocurrency on Ethereum ( ethereum )", "status": "0", "type": 3, "dialog_id": 3150}, {"id": 254, "title": "unable to download ethereum wallet for win 32", "status": "0", "type": 3, "dialog_id": 4415}, {"id": 255, "title": "", "status": "1", "type": 4, "dialog_id": 3067}, {"id": 256, "title": "what languages do i need to learn to create a product on ether?", "status": "0", "type": 3, "dialog_id": 1521}, {"id": 257, "title": "can i sell ethereum for 44k?", "status": "0", "type": 3, "dialog_id": 1809}, {"id": 258, "title": "when will the etherum be pos????", "status": "0", "type": 3, "dialog_id": 2454}, {"id": 259, "title": "how can we use ethereum in the food industry?", "status": "0", "type": 3, "dialog_id": 1366}, {"id": 260, "title": "what is the difference between ethereum wallet UI and geth cli?", "status": "0", "type": 3, "dialog_id": 337}, {"id": 261, "title": "my node was synced but the chain keeps on growing.", "status": "0", "type": 3, "dialog_id": 1679}, {"id": 262, "title": "is there a way to buy and sell ethereum directly from the ledger Nano", "status": "0", "type": 3, "dialog_id": 1351}, {"id": 263, "title": "how to exchange btc for eth?", "status": "0", "type": 3, "dialog_id": 3475}, {"id": 264, "title": "when Constantinople fork are going to happen?", "status": "0", "type": 3, "dialog_id": 4239}, {"id": 265, "title": "unable to sync ethereum wallet with plexcon", "status": "0", "type": 3, "dialog_id": 2957}, {"id": 266, "title": "any good news from ethereum or all bad news for chinese developers", "status": "0", "type": 3, "dialog_id": 3444}, {"id": 267, "title": ".ldb files generated on private ethereum network - help!", "status": "0", "type": 3, "dialog_id": 5242}, {"id": 268, "title": "any experience developing a simple dao with a voting platform?", "status": "0", "type": 3, "dialog_id": 716}, {"id": 269, "title": "could we entice blockchain promotion via GeoCaching.com?", "status": "0", "type": 3, "dialog_id": 2526}, {"id": 270, "title": "do you think it is possible to do all transfer workflow wth the user only take one", "status": "0", "type": 3, "dialog_id": 5746}, {"id": 271, "title": "how can i control the amount of my tokens to be available?", "status": "0", "type": 3, "dialog_id": 2237}, {"id": 272, "title": "la informaci\u00f3n se encuentra en espanol?", "status": "0", "type": 3, "dialog_id": 5491}, {"id": 273, "title": "what is the value of a token when it is paid for in Ether?", "status": "0", "type": 3, "dialog_id": 2590}, {"id": 274, "title": "ox token from etherum wallet not received in my poloniex", "status": "0", "type": 3, "dialog_id": 3136}, {"id": 275, "title": "where can you find best rig for ETH farming and eBooks about", "status": "0", "type": 3, "dialog_id": 4214}, {"id": 276, "title": "how much of it is your percentage for doing the hard work of spamming?", "status": "0", "type": 3, "dialog_id": 3197}, {"id": 277, "title": "how are TXs handled on a singleton blockchain application?", "status": "0", "type": 3, "dialog_id": 4115}, {"id": 278, "title": "is there a solution to the problem of long synchronization?", "status": "0", "type": 3, "dialog_id": 4850}, {"id": 279, "title": "where cant find that room, it throws 404", "status": "0", "type": 1, "dialog_id": 2768}, {"id": 280, "title": "unable to log in to a mist wallet", "status": "0", "type": 3, "dialog_id": 3027}, {"id": 281, "title": "is there any Uk phone number for etherieum holder?", "status": "0", "type": 3, "dialog_id": 5177}, {"id": 282, "title": "json--rpc. problem probably could not connect. Retrying in", "status": "0", "type": 3, "dialog_id": 3074}, {"id": 283, "title": "how do i make an account? SEP> @ztr5", "status": "0", "type": 3, "dialog_id": 3239}, {"id": 284, "title": "how to modify my token's ICON? SEP> @ixh", "status": "0", "type": 3, "dialog_id": 5694}, {"id": 285, "title": "can you copy the wallet address to the clipboard using ShapeShift.io", "status": "0", "type": 3, "dialog_id": 444}, {"id": 286, "title": "sell plasmacash.io to someone who has a currency named after it?", "status": "0", "type": 3, "dialog_id": 5713}, {"id": 287, "title": "why would you want to mine an ethereum token?", "status": "0", "type": 3, "dialog_id": 3968}, {"id": 288, "title": "i want to earn easy cryptocurrency, but i dont know where to invest.", "status": "0", "type": 3, "dialog_id": 1031}, {"id": 289, "title": "i have purchased Ether but gave it a wrong addres (adress of", "status": "0", "type": 3, "dialog_id": 4708}, {"id": 290, "title": "what's the point of this chat?", "status": "0", "type": 3, "dialog_id": 813}, {"id": 291, "title": "how much blocks or satoshi vs ethereum?", "status": "0", "type": 3, "dialog_id": 1873}, {"id": 292, "title": "whats ur opinion prediction of ether in the near future?", "status": "0", "type": 3, "dialog_id": 3578}, {"id": 293, "title": "how to mining ethereum? and how to creat wallt?", "status": "0", "type": 3, "dialog_id": 369}, {"id": 294, "title": "many ways to skin a cat.", "status": "0", "type": 3, "dialog_id": 3454}, {"id": 295, "title": "what is the address to send my eth to?", "status": "0", "type": 3, "dialog_id": 5703}, {"id": 296, "title": "what is smartpool.io? does this wallet mine ethereum?", "status": "0", "type": 3, "dialog_id": 4041}, {"id": 297, "title": "is there a section where we can post ideas for dapps?", "status": "0", "type": 3, "dialog_id": 746}, {"id": 298, "title": "where can i get the latest stable binary for alethzero?", "status": "0", "type": 3, "dialog_id": 460}, {"id": 299, "title": "how do i get ethereum wallet to sync with polorias", "status": "0", "type": 3, "dialog_id": 2151}, {"id": 300, "title": "cant buy anything with ether SEP> you cant even buy usd", "status": "0", "type": 3, "dialog_id": 2003}, {"id": 301, "title": "how to transfer ETH from coinbase to my address in mist?", "status": "0", "type": 3, "dialog_id": 870}, {"id": 302, "title": "why wallet is not downloading past block 1150006 when i skip peer search", "status": "0", "type": 3, "dialog_id": 137}, {"id": 303, "title": " who is the developer of ETH again? ", "status": "0", "type": 2, "dialog_id": 26}, {"id": 304, "title": "@justicemate_twitter unable to download Ether after installing Wallet 0.", "status": "0", "type": 3, "dialog_id": 397}, {"id": 305, "title": "a ponzi scheme in solidity... and a smart contract for childrens", "status": "0", "type": 3, "dialog_id": 5369}, {"id": 306, "title": "how could a single node handle massive databases in distributed fashion?", "status": "0", "type": 3, "dialog_id": 4647}, {"id": 307, "title": "why isn't anyone answering e-mails from ethereum for moths?", "status": "0", "type": 2, "dialog_id": 837}, {"id": 308, "title": "how can i transfer AGI tokens to my ethereum Wallet?", "status": "0", "type": 3, "dialog_id": 4975}, {"id": 309, "title": "how to transfer ether to another wallet?", "status": "0", "type": 3, "dialog_id": 1823}, {"id": 310, "title": "what is the best way to min ethereum coins?", "status": "0", "type": 3, "dialog_id": 777}, {"id": 311, "title": "is ethereum associate with this website?", "status": "0", "type": 3, "dialog_id": 4715}, {"id": 312, "title": "what is a good channel for ERC20 and contract questions?", "status": "0", "type": 1, "dialog_id": 3846}, {"id": 313, "title": "Why is to make Makerdao a stableco difficult to explaini ", "status": "0", "type": 1, "dialog_id": 5868}, {"id": 314, "title": "gridcoin-research-wallet-start-up-issue with ethere", "status": "0", "type": 3, "dialog_id": 2756}, {"id": 315, "title": "where can we see the live stats of the vote on block size?", "status": "0", "type": 3, "dialog_id": 1554}, {"id": 316, "title": "can you please check and criticize this ICO? http://ico.kicksim", "status": "0", "type": 3, "dialog_id": 5254}, {"id": 317, "title": "can you cross-compile gpu miner for aarch64?", "status": "0", "type": 3, "dialog_id": 5304}, {"id": 318, "title": "how does p2p energy trading work in germany?", "status": "0", "type": 3, "dialog_id": 332}, {"id": 319, "title": "why did you put your seed words on infura?", "status": "0", "type": 3, "dialog_id": 5760}, {"id": 320, "title": "how to get started with dapps/smart contracts in Mexico?", "status": "0", "type": 3, "dialog_id": 317}, {"id": 321, "title": "how to send a transaction from ethereum wallet to another wallet?", "status": "0", "type": 3, "dialog_id": 1621}, {"id": 322, "title": "i want to trade ethereum but there is no date announced yet", "status": "0", "type": 3, "dialog_id": 2608}, {"id": 323, "title": "tx after syncing the wallet starts and stops after a minute", "status": "0", "type": 3, "dialog_id": 5427}, {"id": 324, "title": "how can i interact with third party API from ethereum smart contracts?", "status": "0", "type": 3, "dialog_id": 900}, {"id": 325, "title": "how do i import my etherwallet into geth slash ethere", "status": "0", "type": 3, "dialog_id": 3078}, {"id": 326, "title": "is there a way to store and send my own tokens in a wallet?", "status": "0", "type": 3, "dialog_id": 3848}, {"id": 327, "title": "how to transfer from bitstamp.net to cryptonator.com?", "status": "0", "type": 3, "dialog_id": 4502}, {"id": 328, "title": "i have an idea for a coin. You do all the work and have the legal", "status": "0", "type": 3, "dialog_id": 3843}, {"id": 329, "title": "question about the security of the ethereum code", "status": "0", "type": 3, "dialog_id": 4408}, {"id": 330, "title": "why is there a rise of nation '' game on ethereum", "status": "0", "type": 3, "dialog_id": 4161}, {"id": 331, "title": "is there any API available to convert amount of ether to corresponding USD?", "status": "0", "type": 3, "dialog_id": 5464}, {"id": 332, "title": "how do i get my ether password to work in gcc?", "status": "0", "type": 3, "dialog_id": 2094}, {"id": 333, "title": "you wrote 2 pages of broken english SEP> i just want mopre info", "status": "0", "type": 3, "dialog_id": 3289}, {"id": 334, "title": "how to secure my ethereum wallet?", "status": "0", "type": 3, "dialog_id": 1768}, {"id": 335, "title": "when does the Rocket start going off? SEP> poloniex", "status": "0", "type": 3, "dialog_id": 3003}, {"id": 336, "title": "need a payable function SEP> to handle incoming eth", "status": "0", "type": 3, "dialog_id": 5681}, {"id": 337, "title": "what is the best place to go for questions about the json-rpc api", "status": "0", "type": 1, "dialog_id": 268}, {"id": 338, "title": "why cant I access the blockchain and move them where ever I want?", "status": "0", "type": 1, "dialog_id": 4751}, {"id": 339, "title": "whats the newbie ELI5 nutshell explanation of maidsafe and master coin", "status": "0", "type": 3, "dialog_id": 209}, {"id": 340, "title": "how to get testnet ether using geth geth.ipc keystore on", "status": "0", "type": 3, "dialog_id": 2596}, {"id": 341, "title": "what happens if i put 100 ETH into a dao and sell those 100", "status": "0", "type": 3, "dialog_id": 348}, {"id": 342, "title": "where can i buy ripio credit?", "status": "0", "type": 3, "dialog_id": 4454}, {"id": 93, "title": "what about eth mining? SEP>", "status": "0", "type": 3, "dialog_id": 5179}, {"id": 94, "title": "how to build a freelance platform using ethereum smart contracts?", "status": "0", "type": 3, "dialog_id": 5836}, {"id": 95, "title": "where is the best place to buy ethereum and what is the best way to store", "status": "0", "type": 3, "dialog_id": 2179}, {"id": 96, "title": "how long does it take to get the full blockchain installed?", "status": "0", "type": 3, "dialog_id": 1352}, {"id": 97, "title": "how is an ECR-20 transfer represented on the chain?", "status": "0", "type": 3, "dialog_id": 5988}, {"id": 98, "title": "can't connect to node - couldn't connect to node", "status": "0", "type": 3, "dialog_id": 2789}, {"id": 99, "title": "is it better to use pc or mac for eth development?", "status": "0", "type": 3, "dialog_id": 6031}, {"id": 100, "title": "how to connect my e-wallet to a trading platform?", "status": "0", "type": 3, "dialog_id": 5358}, {"id": 101, "title": "how to get oayout in anyog accounts?", "status": "0", "type": 3, "dialog_id": 2848}, {"id": 102, "title": "SEP> New blog post! Been away for a couple weeks but Flex", "status": "0", "type": 3, "dialog_id": 3803}, {"id": 103, "title": "", "status": "1", "type": 4, "dialog_id": 3168}, {"id": 104, "title": "", "status": "1", "type": 4, "dialog_id": 2176}, {"id": 105, "title": "what am i supposed to do with the ethereum Wallet for Windows 32 bit", "status": "0", "type": 3, "dialog_id": 4788}, {"id": 106, "title": "how  can i see my token balance", "status": "0", "type": 1, "dialog_id": 5606}, {"id": 107, "title": "how to add an extension for opencart?", "status": "0", "type": 3, "dialog_id": 5450}, {"id": 108, "title": "is there a way to acquire ether tokens on mainnet besides mining?", "status": "0", "type": 3, "dialog_id": 3875}, {"id": 109, "title": "what's the size of a map in solidity?", "status": "0", "type": 3, "dialog_id": 3526}, {"id": 110, "title": "specmilo node + npm doesn't work for windows", "status": "0", "type": 3, "dialog_id": 1332}, {"id": 111, "title": "where do i start when building a platform?", "status": "0", "type": 3, "dialog_id": 3951}, {"id": 112, "title": "What about cryptos in China?", "status": "0", "type": 1, "dialog_id": 3633}, {"id": 113, "title": "how can i buy etherum?", "status": "0", "type": 3, "dialog_id": 4219}, {"id": 114, "title": "", "status": "1", "type": 4, "dialog_id": 1034}, {"id": 115, "title": "how can i change etherium wallet from mainnet to testnet?", "status": "0", "type": 3, "dialog_id": 2637}, {"id": 116, "title": "how to create an instance of ethereum with tweaks to the native token", "status": "0", "type": 3, "dialog_id": 5762}, {"id": 117, "title": "how to import existing ethereum wallet?", "status": "0", "type": 3, "dialog_id": 1610}, {"id": 118, "title": "if (msg.sender!= owner) throw; is depre", "status": "0", "type": 3, "dialog_id": 2984}, {"id": 119, "title": "ethereum wallet not syncing", "status": "0", "type": 3, "dialog_id": 2950}, {"id": 120, "title": "what is the difference between a 'central bank'and a 'central", "status": "0", "type": 3, "dialog_id": 5588}, {"id": 121, "title": "is it a chat to talk with ethereum?", "status": "0", "type": 3, "dialog_id": 5306}, {"id": 122, "title": "how do you create pay solution on my own created website with ether?", "status": "0", "type": 3, "dialog_id": 1872}, {"id": 123, "title": "is it possible to mine ethereum?", "status": "0", "type": 3, "dialog_id": 4445}, {"id": 124, "title": "i sent my ethereum to etherscan y miake and", "status": "0", "type": 3, "dialog_id": 4106}, {"id": 125, "title": "how to start an ICO after completing a white paper?", "status": "0", "type": 3, "dialog_id": 5741}, {"id": 126, "title": "at least 10 years, eth will back to 400$", "status": "0", "type": 3, "dialog_id": 3465}, {"id": 127, "title": "where is my ETH when i send ETH from bitstamp to cryptopia", "status": "0", "type": 3, "dialog_id": 4697}, {"id": 128, "title": "i have to wait for a phone to be able to verify my wallet", "status": "0", "type": 3, "dialog_id": 2212}, {"id": 129, "title": "can i use gtx 950 with 2 GB vram?", "status": "0", "type": 3, "dialog_id": 4042}, {"id": 130, "title": "trillionaire talks wmih-banner-corp-umpqua-trip", "status": "0", "type": 3, "dialog_id": 1778}, {"id": 131, "title": "sync mist or ethereum wallet", "status": "0", "type": 3, "dialog_id": 4942}, {"id": 132, "title": "the entire blockchain has not downloaded yet on my OS", "status": "0", "type": 3, "dialog_id": 4935}, {"id": 133, "title": "do you type with a monitor?", "status": "0", "type": 3, "dialog_id": 3088}, {"id": 134, "title": "is it good to use token-wizard for crowdfunding and ICO launching", "status": "0", "type": 3, "dialog_id": 5175}, {"id": 135, "title": "what does the  no fee outputs to spend '' mean in qt", "status": "0", "type": 3, "dialog_id": 1422}, {"id": 136, "title": "why etherium is not sending from erherblockchain to given wallet?", "status": "0", "type": 3, "dialog_id": 3005}, {"id": 138, "title": "what should i increase the jitvm flag to SEP>?", "status": "0", "type": 3, "dialog_id": 943}, {"id": 139, "title": "Suddenly my light node started to show peers 0. Help me please SEP>", "status": "0", "type": 3, "dialog_id": 4093}, {"id": 140, "title": "", "status": "1", "type": 4, "dialog_id": 4823}, {"id": 141, "title": "iam a korean boy, iam a kor", "status": "0", "type": 3, "dialog_id": 1299}, {"id": 142, "title": "is there a way to move an existing application onto the ethereum computer?", "status": "0", "type": 3, "dialog_id": 3119}, {"id": 143, "title": "unable to access OTn tokens on ethereum wallet", "status": "0", "type": 3, "dialog_id": 4190}, {"id": 144, "title": "is there a vectorchain? polygons embedded with fields containing relevant metadata", "status": "0", "type": 3, "dialog_id": 5460}, {"id": 145, "title": "check my eth using shapeshift 2days ago yet still not transfer into my wallet", "status": "0", "type": 3, "dialog_id": 4321}, {"id": 146, "title": "welcome to the exciting world of ethereum", "status": "0", "type": 3, "dialog_id": 1276}, {"id": 147, "title": "can ethereum offer a complete alternative to 'old world' structures for donations", "status": "0", "type": 3, "dialog_id": 542}, {"id": 148, "title": "send btc from ethereum but it never show up in my wallet", "status": "0", "type": 3, "dialog_id": 4986}, {"id": 149, "title": "SEP> grab what you can when it shines SEP>", "status": "0", "type": 3, "dialog_id": 3357}, {"id": 150, "title": "should i buy some etherum?", "status": "0", "type": 3, "dialog_id": 3990}, {"id": 151, "title": "what is the purpose of ethereum over bitcoin and hard forks?", "status": "0", "type": 3, "dialog_id": 2145}, {"id": 152, "title": "how to transfer bitcoin to eth?", "status": "0", "type": 3, "dialog_id": 2138}, {"id": 153, "title": "slow downloading all the blocks. Currently at 4.2M of 4.8M", "status": "0", "type": 3, "dialog_id": 4700}, {"id": 154, "title": "ethereum wallet not recognizing password", "status": "0", "type": 3, "dialog_id": 531}, {"id": 155, "title": "can first purchase of ethereum be transferred via Visa card?", "status": "0", "type": 3, "dialog_id": 2375}, {"id": 156, "title": "is it safe to download ether wallet to conputer and leave it to your computer?", "status": "0", "type": 3, "dialog_id": 4749}, {"id": 157, "title": "how well is the new update going?", "status": "0", "type": 3, "dialog_id": 3891}, {"id": 158, "title": "any online wallet with ETH?", "status": "0", "type": 3, "dialog_id": 862}, {"id": 159, "title": "am i supposed to use the 'jitvm'(random )", "status": "0", "type": 3, "dialog_id": 426}, {"id": 160, "title": "is it possible to password-protect one's Ethereum wallet?", "status": "0", "type": 3, "dialog_id": 2260}, {"id": 161, "title": "what is the instruction set of the ethereum virtual machine (eVM)?", "status": "0", "type": 3, "dialog_id": 1915}, {"id": 162, "title": "how many original unsplit will turn into ethereum classic coins?", "status": "0", "type": 3, "dialog_id": 3745}, {"id": 163, "title": "how can i create my own etheeum wallet?", "status": "0", "type": 3, "dialog_id": 5178}, {"id": 164, "title": "why always fail my transaction adm.. and pending...pls back", "status": "0", "type": 3, "dialog_id": 4277}, {"id": 165, "title": "is it possible to use ethereum as a dapp framework?", "status": "0", "type": 3, "dialog_id": 5397}, {"id": 166, "title": "what should i enter for my tokens JSON Interface?", "status": "0", "type": 3, "dialog_id": 1191}, {"id": 167, "title": "bit4g got stuck in withdrawal and now i cant take out as BTC", "status": "0", "type": 3, "dialog_id": 4948}, {"id": 168, "title": "qtminer not peering and downloading blocks", "status": "0", "type": 3, "dialog_id": 2376}, {"id": 169, "title": "is there a designated moderator in the shopawl channel?", "status": "0", "type": 3, "dialog_id": 776}, {"id": 170, "title": "pc freezes when running ethereum wallet or mist", "status": "0", "type": 3, "dialog_id": 1392}, {"id": 171, "title": "where does the ethereum software install the blocks for mac os?", "status": "0", "type": 3, "dialog_id": 2635}, {"id": 172, "title": "can i take the balance of crowdsale contract to my owner adress?", "status": "0", "type": 3, "dialog_id": 5027}, {"id": 173, "title": "what is --keystore doing with 'dont_put_secret_files_", "status": "0", "type": 3, "dialog_id": 4916}, {"id": 174, "title": "is there an official android wallet of Ethereum?", "status": "0", "type": 3, "dialog_id": 1261}, {"id": 175, "title": "how can i convert spurts on bitcoins?", "status": "0", "type": 3, "dialog_id": 5551}, {"id": 176, "title": "ethereum wallet does not recognize good passwords", "status": "0", "type": 3, "dialog_id": 62}, {"id": 177, "title": "etherscan.io & etherscan.io not the same", "status": "0", "type": 3, "dialog_id": 2004}, {"id": 178, "title": "can i develop blockchain apps using c#?", "status": "0", "type": 3, "dialog_id": 5346}, {"id": 179, "title": "how did vitalik first meet the ethereum team?", "status": "0", "type": 3, "dialog_id": 5432}, {"id": 180, "title": "what the hell is this SEP> unconvertable SEP>", "status": "0", "type": 3, "dialog_id": 6038}, {"id": 181, "title": "can anyone help me find a good download for ethminer?", "status": "0", "type": 3, "dialog_id": 1694}, {"id": 182, "title": "are there any proven DApps? SEP> cancelorder doesnt seem", "status": "0", "type": 3, "dialog_id": 3458}, {"id": 183, "title": "what is the best way to buy eth with credit card on azure", "status": "0", "type": 3, "dialog_id": 5114}, {"id": 184, "title": "how can i download the source code of ethereum?", "status": "0", "type": 3, "dialog_id": 685}, {"id": 185, "title": "how can i buy ether from my etherwallet?", "status": "0", "type": 3, "dialog_id": 3639}, {"id": 186, "title": "is there a btc exchange SEP> kraken?", "status": "0", "type": 3, "dialog_id": 2853}, {"id": 187, "title": "is it possible to password-protect one's Ethereum wallet?", "status": "0", "type": 3, "dialog_id": 2260}, {"id": 188, "title": "is there a legal way to start a cryptokitties business?", "status": "0", "type": 3, "dialog_id": 5705}, {"id": 343, "title": "what is the appropriate channel for ethereum trading and HF?", "status": "0", "type": 3, "dialog_id": 778}, {"id": 344, "title": "don't buy stuff without codebase SEP> like SEP>", "status": "0", "type": 3, "dialog_id": 5535}, {"id": 345, "title": "how do i move my ethereum to a new wallet?", "status": "0", "type": 3, "dialog_id": 47}, {"id": 346, "title": "how to get hourly gas price data for last 3 months or 6 months?", "status": "0", "type": 3, "dialog_id": 5145}, {"id": 347, "title": "what is the type of algorithm used by the ethereum?", "status": "0", "type": 3, "dialog_id": 3786}, {"id": 348, "title": "will etheruem rise again?", "status": "0", "type": 3, "dialog_id": 2839}, {"id": 349, "title": "ethereum - gitter.im/ethereum/mist", "status": "1", "type": 4, "dialog_id": 569}, {"id": 350, "title": "can i start my own token on the ethereum chain?", "status": "0", "type": 3, "dialog_id": 4380}, {"id": 351, "title": "how much is 0.05 eth in us dollar?", "status": "0", "type": 3, "dialog_id": 3538}, {"id": 352, "title": "i lost everything when my phone fell out of my car and broke hard SEP", "status": "0", "type": 3, "dialog_id": 5984}, {"id": 353, "title": "is it possible to have 9 million+ circulating and 34 dollars in volume as in ITT", "status": "0", "type": 3, "dialog_id": 4218}, {"id": 354, "title": "unable to send ETH to my wallet", "status": "0", "type": 3, "dialog_id": 2470}, {"id": 355, "title": "ether sent yesterday but there is no info in Wallet SEP>", "status": "0", "type": 3, "dialog_id": 2259}, {"id": 356, "title": "how can i integrate this into my also immature tech to get some attention?", "status": "0", "type": 3, "dialog_id": 5275}, {"id": 357, "title": "where can i buy ethereum?", "status": "0", "type": 3, "dialog_id": 1791}, {"id": 358, "title": "why did btc drop like a rock today?", "status": "0", "type": 3, "dialog_id": 2305}, {"id": 359, "title": "i made a withdrawal from my ether wallet to my kraken account.", "status": "0", "type": 3, "dialog_id": 707}, {"id": 360, "title": "MLS-Bitcoin Club - Get Unlimited Bitcoin with Instant Paymen", "status": "0", "type": 3, "dialog_id": 4903}, {"id": 361, "title": "how to edit deployed contract?", "status": "0", "type": 3, "dialog_id": 4727}, {"id": 362, "title": "how you bring our imagination to reality with technology?", "status": "0", "type": 3, "dialog_id": 4136}, {"id": 363, "title": "digital rights management (DRM) for film, TV and content", "status": "0", "type": 3, "dialog_id": 4148}, {"id": 364, "title": "can i create an account with the address i used to send it to?", "status": "0", "type": 3, "dialog_id": 2434}, {"id": 365, "title": "SEP>!balance SEP> You have 0 S", "status": "0", "type": 3, "dialog_id": 3264}, {"id": 366, "title": "how to download ethereum in a reasonable format (not-binary )", "status": "0", "type": 3, "dialog_id": 4319}, {"id": 367, "title": "how to start mining with ethereum on test.net?", "status": "0", "type": 3, "dialog_id": 318}, {"id": 368, "title": "why cant find that room, it throws 404", "status": "0", "type": 1, "dialog_id": 2768}, {"id": 369, "title": "is it in the done SEP> *docs with Lorem Ip", "status": "0", "type": 3, "dialog_id": 3171}, {"id": 370, "title": "how can i download eth Wallet files to an external hard drive?", "status": "0", "type": 3, "dialog_id": 5339}, {"id": 371, "title": "why sould they be the first in market cap if they are working slowly than bitcoin", "status": "0", "type": 3, "dialog_id": 2340}, {"id": 372, "title": "my tokens were stolen from me, what should i do?", "status": "0", "type": 3, "dialog_id": 5480}, {"id": 373, "title": "welcome to the world of ethereum", "status": "0", "type": 3, "dialog_id": 6040}, {"id": 374, "title": "", "status": "1", "type": 4, "dialog_id": 6060}, {"id": 375, "title": "why etheryum tx fee is so high?", "status": "0", "type": 3, "dialog_id": 4776}, {"id": 376, "title": "how can i learn about ether and tokens?", "status": "0", "type": 3, "dialog_id": 5468}, {"id": 377, "title": "", "status": "1", "type": 4, "dialog_id": 5403}, {"id": 378, "title": "how to send data anonymously without anyone being able to see it?", "status": "0", "type": 3, "dialog_id": 2939}, {"id": 379, "title": "how much does eth wallet weighs at the moment? SEP>", "status": "0", "type": 3, "dialog_id": 1603}, {"id": 380, "title": "SEP> based on words? ideas? manual link?", "status": "0", "type": 3, "dialog_id": 3362}, {"id": 381, "title": "eth stuck in the blockchain..i sent eth to bittrex but", "status": "0", "type": 3, "dialog_id": 5513}, {"id": 382, "title": "who is the node between Ethereum and Open Apps Ecosystem or Collaborative Technology Applications", "status": "0", "type": 3, "dialog_id": 2862}, {"id": 383, "title": "any good bit coin reference material for newbies?", "status": "0", "type": 3, "dialog_id": 3029}, {"id": 384, "title": "etherscan is not sync with ropsten.etherscan.io", "status": "0", "type": 3, "dialog_id": 5357}, {"id": 385, "title": "why is there a rise of nation '' game on ethereum", "status": "0", "type": 3, "dialog_id": 4161}, {"id": 386, "title": "is ethereum crypto currency?", "status": "0", "type": 3, "dialog_id": 819}, {"id": 387, "title": "is there an azure template to set up a private ethereum blockchain", "status": "0", "type": 3, "dialog_id": 2908}, {"id": 388, "title": "ethereum pre-sale/crowd funding - how to redeem", "status": "0", "type": 3, "dialog_id": 24}, {"id": 389, "title": "any Ethereum projects that have a working front end on Rinkeby or Kovan?", "status": "0", "type": 3, "dialog_id": 2740}, {"id": 390, "title": "how to know which token i got authorized to spend?", "status": "0", "type": 3, "dialog_id": 5718}, {"id": 391, "title": "is there a way to claim \"exclusive rights\" for the use of ethereum", "status": "0", "type": 3, "dialog_id": 4758}, {"id": 0, "title": "is mining still happening after ether switch to proof of stake?", "status": "0", "type": 3, "dialog_id": 3927, "titles_index": 8}, {"id": 393, "title": "SEP> a normal eth wallt SEP>", "status": "0", "type": 3, "dialog_id": 5103, "titles_index": 0}, {"id": 394, "title": "why my hardrive get smaller space while im mining?", "status": "0", "type": 3, "dialog_id": 3981, "titles_index": 0}, {"id": 395, "title": "how to stoll ethereum tokens from my wallet", "status": "0", "type": 3, "dialog_id": 2998, "titles_index": 3}, {"id": 396, "title": "'experfy.com/projects/680-ethereum-s", "status": "0", "type": 3, "dialog_id": 4991, "titles_index": 0}, {"id": 397, "title": "why almost all contracts start with mstore(60,40)?", "status": "0", "type": 3, "dialog_id": 2944, "titles_index": 0}, {"id": 398, "title": "trolls are not allowed here.LOl maybe he sent some ether", "status": "0", "type": 3, "dialog_id": 3281, "titles_index": 3}, {"id": 399, "title": "@alexvandesande gitter plugin doesn't seem to work", "status": "0", "type": 3, "dialog_id": 23, "titles_index": 3}, {"id": 400, "title": "where can i trade ethereum at forbeswebm_twitter", "status": "0", "type": 3, "dialog_id": 2763, "titles_index": 3}, {"id": 401, "title": "centralized vs decentralized vs distributed", "status": "0", "type": 3, "dialog_id": 314, "titles_index": 1}, {"id": 402, "title": "how can i monitor received transactions of that address using etherscan.io", "status": "0", "type": 3, "dialog_id": 2892, "titles_index": 0}, {"id": 403, "title": "what i need to download to start mining ethereum?", "status": "0", "type": 3, "dialog_id": 2761, "titles_index": 0}, {"id": 404, "title": "what is something that could increase the price of Ether?", "status": "0", "type": 3, "dialog_id": 4387, "titles_index": 3}, {"id": 405, "title": "how do you delete a PDF?", "status": "0", "type": 3, "dialog_id": 5797, "titles_index": 0}, {"id": 406, "title": "liek trading at changelly.com?", "status": "0", "type": 3, "dialog_id": 2476, "titles_index": 1}, {"id": 407, "title": "i just started checking ethereum and i want to learn everything as possible about", "status": "0", "type": 3, "dialog_id": 1129, "titles_index": 3}, {"id": 408, "title": "how to start mining ethereum?", "status": "0", "type": 3, "dialog_id": 4209, "titles_index": 1}, {"id": 409, "title": "is it possible to publish encrypted keystroke file?", "status": "0", "type": 3, "dialog_id": 2411, "titles_index": 1}, {"id": 410, "title": "is https://ethtrade.org/ SCAM?", "status": "0", "type": 3, "dialog_id": 1511, "titles_index": 0}, {"id": 411, "title": "why cant i move my minereum tokens in the ethereum welcome", "status": "0", "type": 3, "dialog_id": 2758, "titles_index": 2}, {"id": 412, "title": "how to start using services at azure blockchain & develop a simple POC", "status": "0", "type": 3, "dialog_id": 4368, "titles_index": 0}, {"id": 413, "title": "is there available on ethereum coin in india?", "status": "0", "type": 3, "dialog_id": 1157, "titles_index": 1}, {"id": 414, "title": "why cant i get this transaction going with etherscan?", "status": "0", "type": 3, "dialog_id": 4626, "titles_index": 1}, {"id": 415, "title": "web3.eth.account.create() returns an object or does it create an", "status": "0", "type": 3, "dialog_id": 5331, "titles_index": 0}, {"id": 416, "title": "ethereum block and chain structure stop downloading all of a sudden", "status": "0", "type": 3, "dialog_id": 1922, "titles_index": 0}, {"id": 417, "title": "how to transfer EOS from forkdelta to other exchanges", "status": "0", "type": 3, "dialog_id": 5738, "titles_index": 1}, {"id": 418, "title": "mvp ready tv and reality tv with headsup7.", "status": "0", "type": 3, "dialog_id": 3809, "titles_index": 0}, {"id": 419, "title": "myethereumwallet SEP> not sync SEP>", "status": "0", "type": 3, "dialog_id": 1667, "titles_index": 0}, {"id": 420, "title": "i sow post,first think scam then checked all hospital documents and i help", "status": "0", "type": 3, "dialog_id": 2149, "titles_index": 0}, {"id": 421, "title": "how can i get in touch with someone from Ethereum Zug, Switzerland?", "status": "0", "type": 3, "dialog_id": 1531, "titles_index": 0}, {"id": 422, "title": "can i use a plugin other than metamask?", "status": "0", "type": 3, "dialog_id": 3256, "titles_index": 0}, {"id": 423, "title": "how to design my own ethereum clone?", "status": "0", "type": 3, "dialog_id": 5041, "titles_index": 0}, {"id": 424, "title": "where can i find the ethereum mining sdk?", "status": "0", "type": 3, "dialog_id": 4044, "titles_index": 0}, {"id": 425, "title": "how to back up mist wallets in ethereum?", "status": "0", "type": 3, "dialog_id": 296, "titles_index": 1}, {"id": 426, "title": "is a Devcon3 ticket transferrable to Vitalik?", "status": "0", "type": 3, "dialog_id": 3773, "titles_index": 0}, {"id": 427, "title": "is there a way to pay drivers in ether or fiat-currency on", "status": "0", "type": 3, "dialog_id": 4576, "titles_index": 1}, {"id": 428, "title": "is http://freebitcoinz.top/ a scam?", "status": "0", "type": 3, "dialog_id": 1090, "titles_index": 0}, {"id": 429, "title": "is there supposed to be a gui for parity?", "status": "0", "type": 3, "dialog_id": 309, "titles_index": 1}, {"id": 430, "title": "how do i access my ethereum wallets?", "status": "0", "type": 3, "dialog_id": 1883, "titles_index": 1}, {"id": 431, "title": "i just deposit my eth wallet on blockchain but i cant see any activity", "status": "0", "type": 3, "dialog_id": 2948, "titles_index": 1}, {"id": 432, "title": "why is my Ethereum Ledger Wallet not showing up at Etherscan?", "status": "0", "type": 3, "dialog_id": 5147, "titles_index": 1}, {"id": 433, "title": "what made this ICO attractive to you?", "status": "0", "type": 3, "dialog_id": 3349, "titles_index": 0}, {"id": 434, "title": "how to set a wallet and verify a contract?", "status": "0", "type": 3, "dialog_id": 1230, "titles_index": 0}, {"id": 435, "title": "help me create a crowdfunding champaign for my website www.keeb", "status": "0", "type": 3, "dialog_id": 4374, "titles_index": 0}, {"id": 436, "title": "how to mine ethererum within Coinbase ETH platform?", "status": "0", "type": 3, "dialog_id": 4833, "titles_index": 2}, {"id": 437, "title": "when i clicked tabs to'send ether' i did not see", "status": "0", "type": 3, "dialog_id": 832, "titles_index": 1}, {"id": 438, "title": "are there any resources for floating an ERc-23 token in a private network", "status": "0", "type": 3, "dialog_id": 4021, "titles_index": 1}, {"id": 439, "title": "how can I deploy my contract on live", "status": "0", "type": 1, "dialog_id": 5344, "titles_index": -1}, {"id": 440, "title": "synchronization of ethereum wallet never ends", "status": "0", "type": 3, "dialog_id": 5138, "titles_index": 1}, {"id": 441, "title": "do you type with a monitor?", "status": "0", "type": 3, "dialog_id": 3088, "titles_index": 0}, {"id": 442, "title": "how can i buy eth but my wallet is stuck on same amount already 1 hour", "status": "0", "type": 3, "dialog_id": 2564, "titles_index": 1}, {"id": 443, "title": "how to buy ethereum from europe by credit card?", "status": "0", "type": 3, "dialog_id": 1805, "titles_index": 0}, {"id": 444, "title": "how to buy ethers on poloniex.com?", "status": "0", "type": 3, "dialog_id": 606, "titles_index": 2}, {"id": 445, "title": "aijaz ali skype ermvrs2", "status": "0", "type": 3, "dialog_id": 2384, "titles_index": 2}, {"id": 446, "title": "SEP>  @phalexo  @kayabaNerve", "status": "1", "type": 4, "dialog_id": 3180}, {"id": 447, "title": "", "status": "0", "type": 1, "dialog_id": 2094, "titles_index": -1}, {"id": 448, "title": "", "status": "1", "type": 4, "dialog_id": 459}, {"id": 449, "title": "wrong password when trying to send ethers from my wallet", "status": "0", "type": 3, "dialog_id": 25, "titles_index": 0}, {"id": 450, "title": "the community is already growing exponentially now agaian you have to grow the x", "status": "0", "type": 3, "dialog_id": 2811, "titles_index": 3}, {"id": 451, "title": "how do you make a bitcoin contract on top of ethereum?", "status": "0", "type": 3, "dialog_id": 960, "titles_index": 0}, {"id": 452, "title": "es normal que cuando cierro la wallet y la vuel", "status": "0", "type": 3, "dialog_id": 651, "titles_index": 0}, {"id": 453, "title": "how can i download ethereum wallet from https://ethereum.org/", "status": "0", "type": 3, "dialog_id": 4208, "titles_index": 1}, {"id": 454, "title": "is it correct to have same symbol for multiple organisations in ethereum wallet?", "status": "0", "type": 3, "dialog_id": 3807, "titles_index": 2}, {"id": 455, "title": "i am facing startup errors to start ethereum wallet", "status": "0", "type": 3, "dialog_id": 4240, "titles_index": 0}, {"id": 456, "title": "when ethereum price will go up?", "status": "0", "type": 3, "dialog_id": 2809, "titles_index": 1}, {"id": 457, "title": "", "status": "1", "type": 4, "dialog_id": 2000}, {"id": 458, "title": "what is the best offline paper wallet out there?", "status": "0", "type": 3, "dialog_id": 3625, "titles_index": 0}, {"id": 459, "title": "how to exchange bitcoin to ether from shapeshift.io to my etherbase wallet", "status": "0", "type": 3, "dialog_id": 255, "titles_index": 0}, {"id": 460, "title": "is there any change on ethereum network that im not aware of?", "status": "0", "type": 3, "dialog_id": 5571, "titles_index": 0}, {"id": 461, "title": "ethereum mist install block transfer SEP>", "status": "0", "type": 3, "dialog_id": 1299, "titles_index": 5}, {"id": 462, "title": "", "status": "1", "type": 4, "dialog_id": 4605}, {"id": 463, "title": "how to find out the Byzantine fault tolerance of el Hardfork?", "status": "0", "type": 3, "dialog_id": 4600, "titles_index": 0}, {"id": 464, "title": "how can i buy eth right now?", "status": "0", "type": 3, "dialog_id": 4383, "titles_index": 1}, {"id": 465, "title": "how to buy etherenum?", "status": "0", "type": 3, "dialog_id": 2666, "titles_index": 0}, {"id": 466, "title": "are there any Ethereum events in Barcelona?", "status": "0", "type": 3, "dialog_id": 1233, "titles_index": 0}, {"id": 467, "title": "is there an  introduction to ethereum smart contract coding '' book", "status": "0", "type": 3, "dialog_id": 596, "titles_index": 4}, {"id": 468, "title": "how do i ad a token on etherscan?", "status": "0", "type": 3, "dialog_id": 1963, "titles_index": 1}, {"id": 469, "title": "", "status": "1", "type": 4, "dialog_id": 3123}, {"id": 470, "title": "how about a south park episode with @phalexo and @kayabaNerve", "status": "0", "type": 3, "dialog_id": 3286, "titles_index": 0}, {"id": 471, "title": "mining ethereum on loptop asus ux 510uw", "status": "0", "type": 3, "dialog_id": 4566, "titles_index": 0}, {"id": 472, "title": "how do i create an Ethereum account?", "status": "0", "type": 3, "dialog_id": 4992, "titles_index": 0}, {"id": 473, "title": "should i join one coin or take rise with minimum amount in any digi currency?", "status": "0", "type": 3, "dialog_id": 3079, "titles_index": 0}, {"id": 474, "title": "how can i get ethers from ethereum wallet app?", "status": "0", "type": 3, "dialog_id": 1126, "titles_index": 1}, {"id": 475, "title": "where did you buy ethereum", "status": "0", "type": 2, "dialog_id": 2211, "titles_index": 0}, {"id": 476, "title": "how to create shitcoin?", "status": "0", "type": 3, "dialog_id": 1544, "titles_index": 0}, {"id": 477, "title": "can we deploy a contract in a js file and execute it in a", "status": "0", "type": 3, "dialog_id": 5861, "titles_index": 0}, {"id": 478, "title": "does a contract that executes on the completion of a transaction hold up in court", "status": "0", "type": 3, "dialog_id": 234, "titles_index": 0}, {"id": 479, "title": "how to calculate transaction id (transaction hash of my transaction)?", "status": "0", "type": 3, "dialog_id": 4107, "titles_index": 2}, {"id": 480, "title": "unable to download ethereum wallet for win 32", "status": "0", "type": 3, "dialog_id": 4415, "titles_index": 0}, {"id": 481, "title": "ethereum transaction failed 4 days ago and still did not get back the same amount back", "status": "0", "type": 3, "dialog_id": 5414, "titles_index": 2}, {"id": 482, "title": "how to download ethereum wallet?", "status": "0", "type": 3, "dialog_id": 1918, "titles_index": 1}, {"id": 483, "title": "how to create pay solution on my own created website with ether?", "status": "0", "type": 3, "dialog_id": 1872, "titles_index": 0}, {"id": 484, "title": "ethereum foundation email contact", "status": "0", "type": 3, "dialog_id": 2765, "titles_index": 0}, {"id": 485, "title": "how to set up any software for mining ether?", "status": "0", "type": 3, "dialog_id": 2632, "titles_index": 0}, {"id": 486, "title": "is there any certification in ethereum like Certified Ethereum Blockchain Expert?", "status": "0", "type": 3, "dialog_id": 3490, "titles_index": 0}, {"id": 487, "title": "how to open an account here?", "status": "0", "type": 3, "dialog_id": 3864, "titles_index": 0}, {"id": 488, "title": "is it true that the crypto market will see a wave of macros recently?", "status": "0", "type": 3, "dialog_id": 6011, "titles_index": 0}, {"id": 489, "title": "i want to invest in ethereum. can u help me?", "status": "0", "type": 3, "dialog_id": 4072, "titles_index": 0}, {"id": 490, "title": "how can i make a dapp for the university?", "status": "0", "type": 3, "dialog_id": 4005, "titles_index": 1}, {"id": 491, "title": "etherminer.org send 1 ether to my ethereum wallet", "status": "0", "type": 3, "dialog_id": 1750, "titles_index": 0}, {"id": 492, "title": "do I need to download this parity to my PC?", "status": "0", "type": 1, "dialog_id": 2523, "titles_index": -1}]