[{"id": 500, "title": "error  please enter value in the text field as if the value not inserted but visually the value present in the field", "status": "0", "type": 2}, {"id": 501, "title": "how are you interacting with alerts via javascript?", "status": "0", "type": 3}, {"id": 502, "title": "how to selectively choose not to reset an app? ", "status": "0", "type": 2}, {"id": 503, "title": "is it better to run appium on Javascript or Typescript than appium on Java?", "status": "0", "type": 2}, {"id": 504, "title": "wait until 'expressedConditions.visibilityOfElementLocated(By.name('name')))", "status": "0", "type": 2}, {"id": 505, "title": "how  can I make the new feature \"support for searching elements by id without passing package name\" work exactly?", "status": "0", "type": 1}, {"id": 506, "title": "an unknown server-side error occurred while processing the command  driver.execute", "status": "0", "type": 3}, {"id": 507, "title": "how to set up appium for windows (Android)?", "status": "0", "type": 3}, {"id": 508, "title": "could not proxy remote command error when running appium 1.9.1", "status": "0", "type": 3}, {"id": 509, "title": "how to choose time in appium ios?", "status": "0", "type": 3}, {"id": 510, "title": "is resource-id what the appium \"FindElement(byAccessibilityId)\" uses under the covers?", "status": "0", "type": 1}, {"id": 511, "title": "appium 1.5.3 not able to start inspector ", "status": "0", "type": 2}, {"id": 512, "title": "is there a list of all 'good'frameworks available?", "status": "0", "type": 3}, {"id": 513, "title": "how to run appium programmatically?", "status": "0", "type": 3}, {"id": 514, "title": "ios only  udid is only ios capability", "status": "0", "type": 3}, {"id": 515, "title": "", "status": "1", "type": 4}, {"id": 516, "title": "does python bindings for appium has functionality of scrollTo element?", "status": "0", "type": 3}, {"id": 517, "title": "how to swipe scroll using appium?", "status": "0", "type": 3}, {"id": 518, "title": "how to use pageobjects in dicusss for testing on ios", "status": "0", "type": 3}, {"id": 519, "title": "does appium 1.3.6 support on mac osx 10.7.5?", "status": "0", "type": 3}, {"id": 520, "title": "appium --session-override for uninstalling", "status": "0", "type": 2}, {"id": 521, "title": "add a  NavBarBackButton SEP> to the app but get problem", "status": "0", "type": 2}, {"id": 522, "title": "how to generate.app file out of code base?", "status": "0", "type": 3}, {"id": 523, "title": "how to use inspect element for ios application like appium desktop?", "status": "0", "type": 3}, {"id": 524, "title": "how can i handle picker wheel in iso calendar", "status": "0", "type": 3}, {"id": 525, "title": "", "status": "1", "type": 4}, {"id": 526, "title": "", "status": "1", "type": 4}, {"id": 527, "title": "how to run multiple tests using appium without start new session in appium server", "status": "0", "type": 3}, {"id": 528, "title": "what are the elements on the page? ", "status": "0", "type": 2}, {"id": 529, "title": "how to make this .ipa file ready for iOS Automation via Appium?\n", "status": "0", "type": 2}, {"id": 530, "title": "why findElementsByAndroidUIAutomator can only get the first RelativeLayout", "status": "0", "type": 2}, {"id": 531, "title": "", "status": "1", "type": 4}, {"id": 532, "title": "its an connection timeout issue while execution of test scripts", "status": "0", "type": 1}, {"id": 533, "title": "how to use  XCUIElementTypeStaticText", "status": "0", "type": 3}, {"id": 534, "title": "can anyone please share any Appium blogs? ", "status": "0", "type": 2}, {"id": 535, "title": "how to swipe from bottom to top?", "status": "0", "type": 1}, {"id": 536, "title": " Does anyone know about Android card view\uff1f", "status": "0", "type": 1}, {"id": 537, "title": "I need a help on automating windows hybrid app ", "status": "0", "type": 1}, {"id": 538, "title": "", "status": "1", "type": 4}, {"id": 539, "title": "", "status": "1", "type": 4}, {"id": 540, "title": "how to find coordinates using appium inspector if it's a native app", "status": "0", "type": 3}, {"id": 541, "title": "how do i add assertions to a test that does not click on the element it", "status": "0", "type": 3}, {"id": 542, "title": "unable to find ID for any of the objects available in the screen", "status": "0", "type": 3}, {"id": 543, "title": "a problem where i am running all my scripts through testng xml ", "status": "0", "type": 1}, {"id": 544, "title": "does appium support mac app automation as well?", "status": "0", "type": 3}, {"id": 545, "title": "how to verify google voice is activated using appium?", "status": "0", "type": 3}, {"id": 546, "title": "how to get alert text using browser.alertText()?", "status": "0", "type": 3}, {"id": 547, "title": " we can use explicit wait for the element that you are getting StaleElementRefException ", "status": "0", "type": 2}, {"id": 548, "title": "", "status": "1", "type": 4}, {"id": 549, "title": "is there an element identifier common to Android & iOS?", "status": "0", "type": 3}, {"id": 550, "title": "", "status": "1", "type": 4}, {"id": 551, "title": "", "status": "1", "type": 4}, {"id": 552, "title": "how to find if element is focused/not focused for ios?", "status": "0", "type": 3}, {"id": 553, "title": "does anybody use a docker-based emulator to run appium android tests?", "status": "0", "type": 3}, {"id": 554, "title": "is there a way to test in ruby with pageSource or something else", "status": "0", "type": 3}, {"id": 555, "title": "how to get back first/last element from DOM using XPath on iOS", "status": "0", "type": 3}, {"id": 556, "title": "when will appium support ( by fabric crosswalk ) crosswalk?", "status": "0", "type": 3}, {"id": 557, "title": "", "status": "1", "type": 4}, {"id": 558, "title": "how to execute android application test scripts on Eclipse?", "status": "0", "type": 2}, {"id": 559, "title": "how to recognize password textbox which contains NAF=true in android app?", "status": "0", "type": 3}, {"id": 560, "title": "if you end appium and try to restart it will say cmd not found", "status": "0", "type": 1}, {"id": 561, "title": "is there any tool to do iOS app accessibility checking?", "status": "0", "type": 1}, {"id": 562, "title": "node.js is enough to install appium on any platform", "status": "0", "type": 2}, {"id": 563, "title": "failed to start an appium session, err was: Error Command failed", "status": "0", "type": 2}, {"id": 564, "title": "how to keep session in retrofit library?", "status": "0", "type": 3}, {"id": 565, "title": "webdriverException when using self.driver.swipe method", "status": "0", "type": 3}, {"id": 566, "title": "when I want start the app and run... get instruments crashed.", "status": "0", "type": 2}, {"id": 567, "title": "you must include a platformName capability error when trying to request my Android capabilities", "status": "0", "type": 2}, {"id": 568, "title": "get  Original error: unknown error: Failed to get sockets matching with mobile web views and Appium", "status": "0", "type": 1}, {"id": 569, "title": "Getting connected devices ", "status": "0", "type": 2}, {"id": 570, "title": "is it possible de display the appium website in english when using a french OS?", "status": "0", "type": 3}, {"id": 571, "title": "add screenshot of inspector if it has already split by new line separat", "status": "0", "type": 3}, {"id": 572, "title": "is there a way to see view inspector without desktop app on ios?", "status": "0", "type": 3}, {"id": 573, "title": "how to launch inspector from command line?", "status": "0", "type": 3}, {"id": 574, "title": "how to start appium with ruby on ios?", "status": "0", "type": 3}, {"id": 575, "title": "esting failed after updating to appium 1.6.3", "status": "0", "type": 3}, {"id": 576, "title": "can you share logs of DesiredCapabilities? ", "status": "0", "type": 2}, {"id": 577, "title": "'simulator architecture appears to be unsupported ", "status": "0", "type": 2}, {"id": 578, "title": "how do i get alert messages on mobile devices?", "status": "0", "type": 3}, {"id": 579, "title": " a problem testing a hybrid app.the same element raises an NoSuchElement error. ", "status": "0", "type": 1}, {"id": 580, "title": "not sure if u use xcuit in 1.5 appium version or not", "status": "0", "type": 3}, {"id": 581, "title": "name 'driver is not defined in python script for iOS app testing when running python script", "status": "0", "type": 2}, {"id": 582, "title": "an unknown server-side error occurred while processing the command", "status": "0", "type": 3}, {"id": 583, "title": "is it possible to access the 'path'attribute in driver.page_source?", "status": "0", "type": 3}, {"id": 584, "title": "appium 1.7.1 and multiple items with same accessibilityID", "status": "0", "type": 3}, {"id": 585, "title": "how to get device location in android appium using python?", "status": "0", "type": 3}, {"id": 586, "title": "", "status": "1", "type": 4}, {"id": 587, "title": "how to find webelement for webview contents desgined by ionic framework", "status": "0", "type": 3}, {"id": 588, "title": "how to setup Appium for android on windows?", "status": "0", "type": 3}, {"id": 589, "title": "How to write tests targeting both iOS and Android.", "status": "0", "type": 1}, {"id": 590, "title": "this framework supports parallel test run , some cleans ups in code", "status": "0", "type": 1}, {"id": 591, "title": "how can i specify on the appium desk to certain way for simulators and real device", "status": "0", "type": 3}, {"id": 592, "title": "pagefactory.initElements doesn't work", "status": "0", "type": 3}, {"id": 593, "title": "", "status": "1", "type": 4}, {"id": 594, "title": "getting the error  'RoutingHTTPServer/RoutingConnect.h  file not found ", "status": "0", "type": 2}, {"id": 595, "title": "how to remove a SIGABART error using appium?", "status": "0", "type": 3}, {"id": 596, "title": "", "status": "1", "type": 4}, {"id": 597, "title": "how to scroll untill elment prasent in appium?", "status": "0", "type": 3}, {"id": 598, "title": "", "status": "1", "type": 4}, {"id": 599, "title": "how to use webdriver with appium 1.9.0", "status": "0", "type": 3}, {"id": 600, "title": "removing visible == 1 doesn't seem to work", "status": "0", "type": 3}, {"id": 601, "title": "appium server app path for testing in osx ios", "status": "0", "type": 3}, {"id": 602, "title": "how to use browserstack devices if appium plugin requires a local IP", "status": "0", "type": 3}, {"id": 603, "title": "unable to access iframe using.frame()", "status": "0", "type": 3}, {"id": 604, "title": "how to select image from gallery in ionic framework?", "status": "0", "type": 1}, {"id": 605, "title": "", "status": "1", "type": 4}, {"id": 606, "title": "appium.sessionNotCreatedException when running without killing node process", "status": "0", "type": 3}, {"id": 607, "title": "", "status": "1", "type": 4}, {"id": 608, "title": "a new session could not be created error  no app set; either start appium", "status": "0", "type": 3}, {"id": 609, "title": "selenium.nosuchelementException: An element could not be located on the page", "status": "0", "type": 2}, {"id": 610, "title": "how do you open the inspector in appium desktop?", "status": "0", "type": 3}, {"id": 611, "title": "Can we add arguments while launching an .apk file from Selenium?", "status": "0", "type": 1}, {"id": 612, "title": "how to collect api logs during UI test run?", "status": "0", "type": 3}, {"id": 613, "title": "how to uninstall appium with uiatomator view?", "status": "0", "type": 3}, {"id": 614, "title": "is it possible to run tests in parallel on the same device(UDID )?", "status": "0", "type": 3}, {"id": 615, "title": "how to uninstall appium ( android + selenium + appium ) from source", "status": "0", "type": 2}, {"id": 616, "title": "", "status": "1", "type": 4}, {"id": 617, "title": "how can i upgrade my appium 1.6.3 to 1.6.4?", "status": "0", "type": 3}, {"id": 618, "title": " while configuring get error: Failed to start an Appium session and Installing com.abc.xyz.pqr.ab failed\n", "status": "0", "type": 1}, {"id": 619, "title": "android studio - how can i print something on console in python", "status": "0", "type": 3}, {"id": 620, "title": "how to automate cross-domain iframes with the iphoneX?", "status": "0", "type": 3}, {"id": 621, "title": "could the element be found with the code bellow ", "status": "0", "type": 2}, {"id": 622, "title": "", "status": "1", "type": 4}, {"id": 623, "title": "", "status": "1", "type": 4}, {"id": 624, "title": "how to scroll to the top/bottom of the view?", "status": "0", "type": 3}, {"id": 625, "title": "", "status": "1", "type": 4}, {"id": 628, "title": "https://github.com/appium/appium-desktop/tags is the location for appium 1.5.0", "status": "0", "type": 2}, {"id": 629, "title": "", "status": "1", "type": 4}, {"id": 630, "title": "", "status": "1", "type": 4}, {"id": 631, "title": "how can i re-assign the volume buttons on the headphones to perform another", "status": "0", "type": 3}, {"id": 632, "title": "", "status": "1", "type": 4}, {"id": 633, "title": "what is the app path for automation testing in appium server for ios?", "status": "0", "type": 3}, {"id": 634, "title": "how to change focus from main screen to popup screen?", "status": "0", "type": 3}, {"id": 635, "title": "how to scroll upwards in a page using appium?", "status": "0", "type": 3}, {"id": 636, "title": "is ur app native or webview or hybird?", "status": "0", "type": 2}, {"id": 637, "title": "", "status": "1", "type": 4}, {"id": 638, "title": "how to install appium version and run test on real device?", "status": "0", "type": 2}, {"id": 639, "title": "use id instead of xpath and remove casting mobile element", "status": "0", "type": 2}, {"id": 640, "title": "is there a way to screenshot websites on iPhone/iPad in Safari Mobile?", "status": "0", "type": 3}, {"id": 641, "title": "chrome 65 issue in Saucelabs while run appium tests on real device", "status": "0", "type": 3}, {"id": 642, "title": "is it possible to obtein element id with appium inspector?", "status": "0", "type": 3}, {"id": 643, "title": "how to refresh screen in appium ios?", "status": "0", "type": 3}, {"id": 644, "title": "appium 1.3.2-beta2 can not start,it spawning instruments failed", "status": "0", "type": 2}, {"id": 645, "title": "how to find x axis and y axis location in ios simulator", "status": "0", "type": 2}, {"id": 646, "title": "appium inspector doesn't start when autoWebview is set to true on android", "status": "0", "type": 3}, {"id": 647, "title": "removed setAccissibilityLabel shows UIAText but not all fields", "status": "0", "type": 2}, {"id": 648, "title": "appium grepping chromedriver instances in android tests on Ubuntu 16.04", "status": "0", "type": 2}, {"id": 649, "title": "", "status": "1", "type": 4}, {"id": 650, "title": "can appium communicate between a browser and a native application in the same test?", "status": "0", "type": 3}, {"id": 651, "title": "how to scroll a dropdown list in android mobile applications", "status": "0", "type": 3}, {"id": 652, "title": "unable to  connect Appium to webdriver agent", "status": "0", "type": 1}, {"id": 653, "title": "does callback method can't change activities with intent?", "status": "0", "type": 3}, {"id": 654, "title": "how to use  NATIVE_APP '' in webview context", "status": "0", "type": 3}, {"id": 655, "title": "", "status": "1", "type": 4}, {"id": 656, "title": "", "status": "1", "type": 4}, {"id": 657, "title": "getting permision error while pushing the changes to create PR", "status": "0", "type": 1}, {"id": 658, "title": "how to build WebDriverAgentRunner from console or xcode?", "status": "0", "type": 3}, {"id": 659, "title": "", "status": "1", "type": 4}, {"id": 660, "title": "appium::touchaction.new.press ", "status": "0", "type": 2}, {"id": 661, "title": "how can i learn android automation?", "status": "0", "type": 3}, {"id": 662, "title": "is ancestor work with appium?", "status": "0", "type": 3}, {"id": 663, "title": "unable to run appium project in android sdk", "status": "0", "type": 3}, {"id": 664, "title": "is there any dialogue pop up on your android device?", "status": "0", "type": 3}, {"id": 665, "title": "how do you use swipe  with touch action", "status": "0", "type": 2}, {"id": 666, "title": "adb.exe error while launching apk file from Selenium", "status": "0", "type": 3}, {"id": 667, "title": "unable to find elements inside a  iframe  on iOS\uff1f", "status": "0", "type": 2}, {"id": 668, "title": "", "status": "1", "type": 4}, {"id": 669, "title": "how do you attach to an existing appium session using Python?", "status": "0", "type": 3}, {"id": 670, "title": "", "status": "1", "type": 4}, {"id": 671, "title": "how to connect real ios device with appium server using xcode?", "status": "0", "type": 3}, {"id": 672, "title": "is there a way a way  to integrate appium with xamarin?", "status": "0", "type": 1}, {"id": 673, "title": "what is the next action after splash on android manifest in webdriverIO?", "status": "0", "type": 3}, {"id": 674, "title": "is there any way to try the xpaths like firebug in browser?", "status": "0", "type": 3}, {"id": 675, "title": "appium swipe on ios 8 - is it working now?", "status": "0", "type": 3}]