[{"id": 676, "title": "How to start testing app using appium via ruby.", "status": "0", "type": 1}, {"id": 677, "title": "Can i   execute scripts parallely on iPhone safari browsers\n With AppiumTestDistribution ", "status": "0", "type": 1}, {"id": 678, "title": "error:\"Instance of 'WebDriver' has no 'find_element_by_accessibility_id' member\"", "status": "0", "type": 1}, {"id": 679, "title": "appium 3.3-5.0 update ", "status": "0", "type": 1}, {"id": 680, "title": "how to retrieve OTP Message Notification from Message App to Native App?", "status": "0", "type": 3}, {"id": 681, "title": "", "status": "1", "type": 4}, {"id": 682, "title": "Scripts are running very slow with appium 1.5.2 ", "status": "0", "type": 2}, {"id": 683, "title": "can't create a new session because 'createSession'", "status": "0", "type": 3}, {"id": 684, "title": "", "status": "1", "type": 4}, {"id": 685, "title": "", "status": "1", "type": 4}, {"id": 686, "title": "is there any other way to inspect elements on ios?", "status": "0", "type": 3}, {"id": 687, "title": "", "status": "1", "type": 4}, {"id": 688, "title": "", "status": "1", "type": 4}, {"id": 689, "title": "is there any similar tools  for ios like adb for android ?", "status": "0", "type": 1}, {"id": 690, "title": "probleblem with simulator (appium 1.6.0 xcode 8)", "status": "0", "type": 1}, {"id": 691, "title": "setup appium for iOS hybrid app", "status": "0", "type": 1}, {"id": 692, "title": "", "status": "1", "type": 4}, {"id": 693, "title": "", "status": "1", "type": 4}, {"id": 694, "title": "how to scroll down the page in hybrid app to bottom in apium?", "status": "0", "type": 3}, {"id": 695, "title": "", "status": "1", "type": 4}, {"id": 696, "title": "is there a way to map the automated tests with the zephyr tests?", "status": "0", "type": 3}, {"id": 697, "title": "how can i get the image through appium driver and compare it with static image?", "status": "0", "type": 3}, {"id": 698, "title": "", "status": "1", "type": 4}, {"id": 699, "title": "what is the command for accesibility id?", "status": "0", "type": 3}, {"id": 700, "title": "While running tests I see that the while doing sendkeys", "status": "0", "type": 1}, {"id": 701, "title": "sendkeys is not working on ios device", "status": "0", "type": 3}, {"id": 702, "title": "", "status": "1", "type": 4}, {"id": 703, "title": "UI Testing from XCode 7 in appium", "status": "0", "type": 1}, {"id": 704, "title": "appium 1.6 app launch twice on real iOS 9 device ( real chrome browser )", "status": "0", "type": 3}, {"id": 705, "title": "", "status": "1", "type": 4}, {"id": 706, "title": "how to launch whatapp and message to one contact?", "status": "0", "type": 3}, {"id": 707, "title": "Cannot findElement", "status": "0", "type": 2}, {"id": 708, "title": "tools for code review of mobile application testing Android and IOS", "status": "0", "type": 1}, {"id": 709, "title": "err_connection_refused localhost:8100 when connecting app", "status": "0", "type": 3}, {"id": 710, "title": "how to run appium tests over WiFi on ios real devices without using the cable", "status": "0", "type": 3}, {"id": 711, "title": "When running android case on android device, but this case start ios emulator and failed. ", "status": "0", "type": 1}, {"id": 712, "title": "", "status": "1", "type": 4}, {"id": 713, "title": "Session not created Exception when using appium-java-client and selenium", "status": "0", "type": 3}, {"id": 714, "title": "unable to get TestNG in Eclipse in macos", "status": "0", "type": 3}, {"id": 715, "title": "how to test push notification in windows appium?", "status": "0", "type": 3}, {"id": 716, "title": "", "status": "1", "type": 4}, {"id": 717, "title": "appium test not stopping the session after the test have finished", "status": "0", "type": 3}, {"id": 718, "title": "", "status": "1", "type": 4}, {"id": 719, "title": "unable to see resource id and text in npm install -g app", "status": "0", "type": 3}, {"id": 720, "title": "how to parse complex json responses using rest assured JsonPath", "status": "0", "type": 3}, {"id": 721, "title": "error:- The method tap(int, int) is undefined for the type    TouchAction  - The constructor", "status": "0", "type": 1}, {"id": 722, "title": "problem about Team and Signing Certificate already have values in Xcode", "status": "0", "type": 1}, {"id": 723, "title": "", "status": "1", "type": 4}, {"id": 724, "title": "appium version 1.5.1 taking forever on line \"driver.context(contextName)", "status": "0", "type": 1}, {"id": 725, "title": "", "status": "1", "type": 4}, {"id": 726, "title": " appium 1.5 does not support name locator", "status": "0", "type": 2}, {"id": 727, "title": "", "status": "1", "type": 4}, {"id": 728, "title": "Is there a way to provide the iOS bundle ID, and reset the app state after each test run", "status": "0", "type": 1}, {"id": 729, "title": "how to hide keyboard on ios?", "status": "0", "type": 3}, {"id": 730, "title": "", "status": "1", "type": 4}, {"id": 731, "title": "how to find an element by text using autoAcceptAlerts ", "status": "0", "type": 2}, {"id": 732, "title": "cant automate without debugging and singed certificate", "status": "0", "type": 3}, {"id": 733, "title": "", "status": "1", "type": 4}, {"id": 734, "title": "how to install webagentrunner in real device using appium?", "status": "0", "type": 3}, {"id": 735, "title": "Error: Sdk '9.3.5' was not in list of simctl sdks     at getDevices$... ", "status": "0", "type": 1}, {"id": 736, "title": "how can i attach to created early session in code (from python", "status": "0", "type": 3}, {"id": 737, "title": "", "status": "1", "type": 4}, {"id": 738, "title": "what swipe values are displayed now?", "status": "0", "type": 3}, {"id": 739, "title": "", "status": "1", "type": 4}, {"id": 740, "title": "is appium work with latest Xcode and iOS and  the inspector?", "status": "0", "type": 1}, {"id": 741, "title": "", "status": "1", "type": 4}, {"id": 742, "title": "how to start chromedriver via webdrivermanager using java?", "status": "0", "type": 2}, {"id": 743, "title": "", "status": "1", "type": 4}, {"id": 744, "title": "", "status": "1", "type": 4}, {"id": 745, "title": "how can i get the element value upto last in listview?", "status": "0", "type": 3}, {"id": 746, "title": "", "status": "1", "type": 4}, {"id": 747, "title": "", "status": "1", "type": 4}, {"id": 748, "title": "add all appium dependencies in pom.xml and start with appium directly", "status": "0", "type": 3}, {"id": 749, "title": "XCUITEST does not create a new driver session in appium 1.6", "status": "0", "type": 3}, {"id": 750, "title": "WDA error:locating an element and sending keys", "status": "0", "type": 1}, {"id": 751, "title": "", "status": "1", "type": 4}, {"id": 752, "title": "", "status": "1", "type": 4}, {"id": 753, "title": "why appium hides/closes my app on android?", "status": "0", "type": 1}, {"id": 754, "title": "how to generate.app file out of code base?", "status": "0", "type": 3}, {"id": 755, "title": "error on simulator:Exception in thread \"main\" org.openqa.selenium.", "status": "0", "type": 1}, {"id": 756, "title": "how to run appium tests over WiFi on ios real devices without using the cable", "status": "0", "type": 3}, {"id": 757, "title": "how to scroll/swipe to specific text?", "status": "0", "type": 3}, {"id": 758, "title": "", "status": "1", "type": 4}, {"id": 759, "title": "what is 'jsonwp'proxy in appium 1.4.16.1?", "status": "0", "type": 3}, {"id": 760, "title": "how to attach screenshots images to testng report", "status": "0", "type": 2}, {"id": 761, "title": "appium script not working on letv ( android version 5.0.1 )", "status": "0", "type": 3}, {"id": 762, "title": "can not see the option \"Accessibility Inspector ", "status": "0", "type": 2}, {"id": 763, "title": "how to disable download pop in chrome browser?", "status": "0", "type": 3}, {"id": 764, "title": "", "status": "1", "type": 4}]